timestamp,temp,hum,light,p1,p2,p3,press,gas,db
2026-03-21 14:32:02,32.0,26.0,776,860.0,218.0,295.0,,,
2026-03-21 14:35:57,32.0,26.0,796,864.0,219.0,295.0,,,
2026-03-21 14:38:49,32.0,26.0,780,867.0,219.0,296.0,,,
2026-03-21 14:41:11,32.0,26.0,781,863.0,219.0,296.0,,,
2026-03-21 14:45:52,32.0,26.0,787,866.0,219.0,296.0,,,
2026-03-21 14:49:02,32.0,26.0,785,867.0,218.0,297.0,,,
2026-03-21 14:51:49,32.0,26.0,789,869.0,218.0,297.0,,,
2026-03-21 14:57:48,32.0,26.0,792,868.0,218.0,297.0,,,
2026-03-21 15:00:17,3.0,20.0,75,872.0,219.0,297.0,,,
2026-03-21 15:00:53,32.0,26.0,796,869.0,219.0,297.0,,,
2026-03-21 15:05:55,32.0,26.0,800,881.0,219.0,297.0,,,
2026-03-21 15:13:22,32.0,26.0,806,881.0,219.0,298.0,,,
2026-03-21 15:15:35,32.0,26.0,813,876.0,219.0,298.0,,,
2026-03-21 15:30:21,32.0,26.0,823,858.0,219.0,298.0,,,
2026-03-21 15:39:14,32.0,26.0,836,851.0,219.0,299.0,,,
2026-03-21 15:55:00,32.0,26.0,851,877.0,220.0,299.0,,,
2026-03-21 16:00:43,32.0,26.0,857,882.0,221.0,299.0,,,
2026-03-21 16:17:54,32.0,26.0,808,867.0,221.0,299.0,,,
2026-03-21 16:30:21,32.0,26.0,817,886.0,222.0,300.0,,,
2026-03-21 17:00:20,32.0,26.0,821,881.0,224.0,300.0,,,
2026-03-21 17:30:26,32.0,26.0,894,847.0,227.0,300.0,,,
2026-03-21 18:00:26,32.0,26.0,907,905.0,230.0,300.0,,,
2026-03-21 18:30:21,32.0,26.0,842,896.0,232.0,301.0,,,
2026-03-21 19:00:27,32.0,26.0,844,861.0,232.0,301.0,,,
2026-03-21 19:01:06,32.0,26.0,844,862.0,232.0,301.0,,,
2026-03-21 19:30:21,32.0,26.0,843,848.0,233.0,301.0,,,
2026-03-21 19:35:13,32.0,26.0,843,848.0,233.0,301.0,,,
2026-03-21 19:38:03,32.0,26.0,843,860.0,234.0,301.0,,,
2026-03-21 19:41:08,32.0,26.0,843,871.0,234.0,302.0,,,
2026-03-21 20:00:26,32.0,26.0,843,898.0,234.0,302.0,,,
2026-03-21 20:30:26,32.0,26.0,844,898.0,237.0,302.0,,,
2026-03-21 20:44:37,32.0,26.0,844,849.0,238.0,302.0,,,
2026-03-21 20:49:34,32.0,26.0,845,841.0,239.0,302.0,,,
2026-03-21 21:00:21,32.0,26.0,844,896.0,239.0,303.0,,,
2026-03-21 21:27:46,32.0,26.0,845,850.0,242.0,303.0,,,
2026-03-21 21:30:26,32.0,26.0,845,864.0,243.0,303.0,,,
2026-03-21 21:34:32,32.0,26.0,845,897.0,243.0,303.0,,,
2026-03-21 21:38:03,32.0,26.0,845,895.0,243.0,303.0,,,
2026-03-21 21:42:14,32.0,26.0,845,903.0,243.0,303.0,,,
2026-03-21 21:45:44,32.0,26.0,849,891.0,243.0,303.0,,,
2026-03-21 21:48:48,32.0,26.0,850,899.0,244.0,303.0,,,
2026-03-21 22:00:26,32.0,26.0,849,877.0,245.0,303.0,,,
2026-03-21 22:30:26,32.0,26.0,926,883.0,245.0,303.0,,,
2026-03-21 22:51:18,32.0,26.0,926,863.0,247.0,303.0,,,
2026-03-21 23:00:26,32.0,26.0,926,865.0,248.0,304.0,,,
2026-03-21 23:30:26,32.0,26.0,926,876.0,248.0,304.0,,,
2026-03-22 00:00:21,32.0,26.0,925,885.0,250.0,304.0,,,
2026-03-22 00:01:58,32.0,26.0,925,883.0,249.0,304.0,,,
2026-03-22 00:05:24,31.0,26.0,924,851.0,250.0,304.0,,,
2026-03-22 00:08:30,32.0,26.0,924,828.0,250.0,305.0,,,
2026-03-22 00:12:19,32.0,26.0,925,836.0,250.0,305.0,,,
2026-03-22 00:13:57,32.0,26.0,925,847.0,250.0,305.0,,,
2026-03-22 00:30:27,31.0,26.0,925,882.0,251.0,305.0,,,
2026-03-22 00:47:30,31.0,26.0,924,874.0,252.0,305.0,,,
2026-03-22 01:00:27,31.0,26.0,925,875.0,252.0,305.0,,,
2026-03-22 01:25:47,31.0,26.0,925,888.0,253.0,305.0,,,
2026-03-22 01:30:31,31.0,26.0,925,846.0,253.0,305.0,,,
2026-03-22 02:00:21,31.0,26.0,925,844.0,255.0,305.0,,,
2026-03-22 02:02:35,31.0,26.0,926,865.0,254.0,305.0,,,
2026-03-22 02:06:45,31.0,26.0,926,872.0,255.0,305.0,,,
2026-03-22 02:30:20,31.0,26.0,926,851.0,259.0,306.0,,,
2026-03-22 03:00:21,31.0,26.0,926,893.0,260.0,306.0,,,
2026-03-22 03:30:32,31.0,26.0,926,854.0,262.0,306.0,,,
2026-03-22 04:00:26,31.0,26.0,926,849.0,263.0,306.0,,,
2026-03-22 04:30:20,31.0,26.0,927,872.0,268.0,306.0,,,
2026-03-22 05:00:21,31.0,26.0,926,876.0,268.0,306.0,,,
2026-03-22 05:30:26,31.0,25.0,926,845.0,269.0,307.0,,,
2026-03-22 06:00:21,31.0,24.0,925,828.0,270.0,307.0,,,
2026-03-22 06:30:26,31.0,25.0,912,865.0,271.0,307.0,,,
2026-03-22 07:00:26,31.0,26.0,879,871.0,271.0,307.0,,,
2026-03-22 07:30:21,31.0,25.0,834,871.0,273.0,307.0,,,
2026-03-22 08:00:21,31.0,26.0,797,842.0,275.0,307.0,,,
2026-03-22 08:30:21,31.0,24.0,756,833.0,273.0,307.0,,,
2026-03-22 09:00:26,31.0,24.0,729,820.0,265.0,308.0,,,
2026-03-22 09:29:45,31.0,25.0,825,824.0,271.0,308.0,,,
2026-03-22 09:30:28,31.0,25.0,825,825.0,272.0,307.0,,,
2026-03-22 09:32:24,31.0,25.0,821,821.0,270.0,308.0,,,
2026-03-22 09:50:16,31.0,26.0,771,865.0,272.0,308.0,,,
2026-03-22 09:52:11,31.0,24.0,819,867.0,269.0,308.0,,,
2026-03-22 10:00:21,31.0,25.0,810,826.0,266.0,308.0,,,
2026-03-22 10:30:21,31.0,26.0,838,837.0,263.0,307.0,,,
2026-03-22 10:55:24,31.0,25.0,687,838.0,266.0,308.0,,,
2026-03-22 10:57:10,31.0,25.0,689,842.0,267.0,308.0,,,
2026-03-22 11:00:45,31.0,25.0,690,846.0,266.0,307.0,,,
2026-03-22 11:02:06,31.0,25.0,689,847.0,267.0,308.0,,,
2026-03-22 11:02:33,31.0,24.0,688,857.0,268.0,308.0,,,
2026-03-22 11:30:21,31.0,25.0,702,868.0,269.0,308.0,,,
2026-03-22 12:00:26,31.0,24.0,743,873.0,262.0,307.0,,,
2026-03-22 12:30:21,32.0,25.0,739,916.0,261.0,307.0,,,
2026-03-22 13:00:26,32.0,26.0,745,899.0,263.0,308.0,,,
2026-03-22 13:30:20,32.0,25.0,753,908.0,262.0,308.0,,,
2026-03-22 14:00:20,32.0,26.0,772,898.0,265.0,307.0,,,
2026-03-22 14:30:21,32.0,24.0,787,858.0,265.0,307.0,,,
2026-03-22 15:00:21,32.0,25.0,796,901.0,265.0,308.0,,,
2026-03-22 16:00:26,32.0,26.0,861,866.0,266.0,309.0,,,
2026-03-22 16:30:21,32.0,26.0,799,896.0,269.0,309.0,,,
2026-03-22 17:00:21,32.0,21.0,798,879.0,284.0,320.0,,,
2026-03-22 17:30:21,32.0,20.0,815,892.0,292.0,320.0,,,
2026-03-22 17:39:21,32.0,21.0,815,900.0,286.0,314.0,,,
2026-03-22 18:00:21,32.0,21.0,832,908.0,283.0,314.0,,,
2026-03-22 18:30:21,32.0,21.0,840,908.0,286.0,315.0,,,
2026-03-22 19:00:21,32.0,21.0,834,910.0,277.0,315.0,,,
2026-03-22 19:30:10,32.0,21.0,834,884.0,315.0,279.0,,,
2026-03-22 19:37:15,32.0,21.0,831,892.0,316.0,280.0,,,
2026-03-22 19:37:38,32.0,21.0,831,899.0,316.0,280.0,,,
2026-03-22 19:37:50,32.0,21.0,832,898.0,316.0,280.0,,,
2026-03-22 19:45:47,32.0,21.0,828,904.0,316.0,280.0,,,
2026-03-22 20:00:10,32.0,22.0,843,891.0,316.0,281.0,,,
2026-03-22 20:30:10,32.0,21.0,834,904.0,316.0,282.0,,,
2026-03-22 21:00:09,30.0,22.0,849,921.0,318.0,284.0,,,
2026-03-22 21:01:33,30.0,22.0,849,922.0,318.0,284.0,,,
2026-03-22 21:04:05,30.0,22.0,845,927.0,319.0,285.0,,,
2026-03-22 21:04:49,30.0,22.0,843,921.0,319.0,285.0,,,
2026-03-22 21:07:08,31.0,21.0,846,924.0,320.0,285.0,,,
2026-03-22 21:08:15,31.0,21.0,845,925.0,320.0,285.0,,,
2026-03-22 21:09:40,31.0,21.0,847,927.0,320.0,285.0,,,
2026-03-22 21:19:05,31.0,21.0,835,886.0,321.0,286.0,,,
2026-03-22 21:20:23,31.0,21.0,842,883.0,321.0,286.0,,,
2026-03-22 21:21:45,31.0,21.0,837,890.0,321.0,286.0,,,
2026-03-22 21:22:01,31.0,21.0,840,890.0,321.0,286.0,,,
2026-03-22 21:24:30,31.0,21.0,838,890.0,321.0,286.0,,,
2026-03-22 21:27:31,31.0,21.0,838,889.0,321.0,286.0,,,
2026-03-22 21:29:02,31.0,21.0,829,889.0,322.0,287.0,,,
2026-03-22 21:30:10,32.0,21.0,837,891.0,321.0,286.0,,,
2026-03-22 21:52:50,32.0,21.0,830,902.0,323.0,287.0,,,
2026-03-22 21:58:21,32.0,21.0,830,900.0,322.0,288.0,,,
2026-03-22 22:00:16,32.0,21.0,830,895.0,323.0,287.0,,,
2026-03-22 22:30:37,32.0,21.0,828,894.0,325.0,290.0,,,
2026-03-22 22:34:04,32.0,21.0,828,,,,,,
2026-03-22 22:36:06,32.0,21.0,829,,,,,,
2026-03-22 22:44:28,32.0,21.0,834,,,,,,
2026-03-22 22:55:15,32.0,21.0,819,862.0,334.0,286.0,,,
2026-03-22 23:25:21,32.0,20.0,891,862.0,337.0,293.0,,,
2026-03-22 23:56:03,31.0,20.0,894,836.0,339.0,293.0,,,
2026-03-23 00:25:39,31.0,20.0,894,871.0,342.0,285.0,,,
2026-03-23 00:55:21,31.0,20.0,894,860.0,361.0,281.0,,,
2026-03-23 01:25:27,31.0,20.0,892,868.0,356.0,280.0,,,
2026-03-23 01:55:21,31.0,20.0,892,883.0,356.0,281.0,,,
2026-03-23 02:25:26,31.0,19.0,897,901.0,354.0,283.0,,,
2026-03-23 02:55:39,31.0,19.0,889,876.0,359.0,280.0,,,
2026-03-23 03:25:16,31.0,20.0,890,879.0,356.0,278.0,,,
2026-03-23 03:55:15,31.0,19.0,888,874.0,355.0,274.0,,,
2026-03-23 04:25:20,31.0,19.0,888,877.0,356.0,274.0,,,
2026-03-23 04:55:21,31.0,19.0,888,878.0,356.0,275.0,,,
2026-03-23 05:25:27,31.0,19.0,888,879.0,356.0,275.0,,,
2026-03-23 05:55:20,30.0,20.0,888,869.0,357.0,274.0,,,
2026-03-23 06:26:03,30.0,19.0,878,871.0,360.0,271.0,,,
2026-03-23 06:55:15,31.0,19.0,788,881.0,360.0,268.0,,,
2026-03-23 07:55:50,31.0,19.0,726,872.0,255.0,367.0,,,
2026-03-23 08:25:45,31.0,19.0,704,877.0,249.0,375.0,,,
2026-03-23 11:56:08,31.0,21.0,702,386.0,160.0,278.0,,,
2026-03-23 13:22:46,32.0,21.0,753,379.0,196.0,323.0,,,
2026-03-23 13:25:28,32.0,21.0,754,381.0,211.0,322.0,,,
2026-03-23 13:55:28,32.0,18.0,752,487.0,202.0,326.0,,,
2026-03-23 14:25:29,32.0,16.0,764,477.0,249.0,325.0,,,
2026-03-23 14:40:15,31.0,15.0,780,452.0,240.0,325.0,,,
2026-03-23 14:55:28,32.0,15.0,788,435.0,246.0,325.0,,,
2026-03-23 15:24:36,31.0,15.0,807,448.0,230.0,326.0,,,
2026-03-23 15:25:28,32.0,15.0,801,442.0,230.0,326.0,,,
2026-03-23 15:28:08,32.0,18.0,810,429.0,232.0,326.0,,,
2026-03-23 15:33:41,32.0,18.0,811,429.0,223.0,326.0,,,
2026-03-23 15:55:28,32.0,18.0,825,447.0,274.0,326.0,,,
2026-03-23 16:25:30,32.0,18.0,836,451.0,238.0,327.0,,,
2026-03-23 16:55:33,32.0,18.0,838,437.0,238.0,329.0,,,
2026-03-23 17:25:29,32.0,19.0,853,465.0,227.0,331.0,,,
2026-03-23 17:55:28,31.0,21.0,530,443.0,329.0,371.0,,,
2026-03-23 18:25:28,31.0,15.0,844,460.0,299.0,367.0,,,
2026-03-23 18:55:28,31.0,15.0,882,461.0,319.0,380.0,,,
2026-03-23 19:25:34,31.0,15.0,883,454.0,301.0,379.0,,,
2026-03-23 20:25:29,31.0,15.0,894,437.0,273.0,374.0,,,
2026-03-23 21:31:45,30.0,16.0,822,411.0,281.0,396.0,,,
2026-03-23 21:55:28,31.0,15.0,840,415.0,442.0,397.0,,,
2026-03-23 22:25:28,29.0,16.0,845,424.0,275.0,408.0,,,
2026-03-23 23:25:29,30.0,16.0,829,411.0,222.0,413.0,,,
2026-03-24 08:25:28,30.0,16.0,514,436.0,163.0,396.0,,,
2026-03-24 08:55:28,30.0,18.0,704,425.0,146.0,394.0,,,
2026-03-24 09:25:28,30.0,18.0,544,413.0,132.0,383.0,,,
2026-03-24 09:55:28,31.0,17.0,554,419.0,146.0,392.0,,,
2026-03-24 10:25:28,31.0,17.0,500,410.0,159.0,395.0,,,
2026-03-24 10:55:28,30.0,16.0,499,451.0,161.0,431.0,,,
2026-03-24 11:25:28,30.0,17.0,500,432.0,169.0,407.0,,,
2026-03-24 11:55:28,31.0,16.0,520,433.0,171.0,411.0,,,
2026-03-24 12:25:28,31.0,16.0,526,420.0,155.0,409.0,,,
2026-03-24 12:39:13,31.0,17.0,529,419.0,165.0,400.0,,,
2026-03-24 12:55:32,31.0,17.0,535,416.0,132.0,407.0,,,
2026-03-24 13:25:28,31.0,15.0,556,425.0,119.0,401.0,,,
2026-03-24 13:32:21,31.0,16.0,559,424.0,116.0,400.0,,,
2026-03-24 13:55:28,31.0,17.0,572,419.0,256.0,387.0,,,
2026-03-24 14:25:29,31.0,17.0,582,421.0,226.0,389.0,,,
2026-03-24 14:55:29,31.0,16.0,601,427.0,277.0,404.0,,,
2026-03-24 15:25:28,31.0,15.0,650,431.0,295.0,401.0,,,
2026-03-24 15:55:28,31.0,15.0,739,438.0,280.0,417.0,,,
2026-03-24 16:24:14,31.0,17.0,777,371.0,289.0,404.0,,,
2026-03-24 16:25:28,31.0,17.0,779,372.0,290.0,408.0,,,
2026-03-24 16:55:29,31.0,18.0,790,371.0,286.0,407.0,,,
2026-03-24 17:25:34,31.0,18.0,801,368.0,265.0,409.0,,,
2026-03-24 17:55:34,31.0,18.0,824,374.0,235.0,404.0,,,
2026-03-24 18:27:29,31.0,17.0,845,377.0,254.0,423.0,,,
2026-03-24 19:55:28,31.0,17.0,841,386.0,231.0,405.0,,,
2026-03-24 20:25:28,31.0,17.0,842,386.0,279.0,403.0,,,
2026-03-24 20:55:34,31.0,17.0,842,383.0,259.0,405.0,,,
2026-03-24 21:25:28,31.0,17.0,842,385.0,257.0,414.0,,,
2026-03-24 22:25:28,31.0,17.0,843,389.0,253.0,414.0,,,
2026-03-24 22:55:28,31.0,18.0,843,386.0,259.0,399.0,,,
2026-03-25 00:25:28,31.0,18.0,895,384.0,202.0,397.0,,,
2026-03-25 00:55:28,31.0,18.0,895,385.0,265.0,394.0,,,
2026-03-25 01:25:28,30.0,19.0,896,390.0,254.0,406.0,,,
2026-03-25 01:55:28,30.0,19.0,895,390.0,252.0,396.0,,,
2026-03-25 02:25:28,30.0,19.0,895,394.0,254.0,408.0,,,
2026-03-25 02:55:34,30.0,19.0,895,387.0,251.0,400.0,,,
2026-03-25 03:25:28,30.0,19.0,895,389.0,252.0,403.0,,,
2026-03-25 03:55:28,30.0,19.0,896,376.0,235.0,416.0,,,
2026-03-25 04:25:29,30.0,19.0,896,375.0,236.0,406.0,,,
2026-03-25 04:55:28,30.0,18.0,896,377.0,232.0,407.0,,,
2026-03-25 05:25:34,30.0,18.0,896,376.0,236.0,400.0,,,
2026-03-25 05:55:28,30.0,18.0,896,378.0,237.0,424.0,,,
2026-03-25 06:25:34,30.0,18.0,870,379.0,234.0,414.0,,,
2026-03-25 06:55:28,30.0,19.0,805,379.0,231.0,406.0,,,
2026-03-25 07:25:28,30.0,18.0,727,380.0,241.0,403.0,,,
2026-03-25 07:55:28,30.0,16.0,659,404.0,249.0,420.0,,,
2026-03-25 08:25:28,30.0,17.0,616,402.0,229.0,418.0,,,
2026-03-25 08:55:28,30.0,18.0,660,400.0,225.0,416.0,,,
2026-03-25 09:25:33,30.0,17.0,567,408.0,232.0,420.0,,,
2026-03-25 09:57:18,30.0,19.0,616,398.0,208.0,409.0,,,
2026-03-25 10:26:24,30.0,18.0,558,464.0,224.0,419.0,,,
2026-03-25 10:55:34,30.0,18.0,660,443.0,221.0,428.0,,,
2026-03-25 11:25:28,31.0,16.0,665,452.0,216.0,431.0,,,
2026-03-25 11:55:28,31.0,17.0,565,456.0,210.0,424.0,,,
2026-03-25 12:25:28,31.0,16.0,551,462.0,204.0,430.0,,,
2026-03-25 13:25:28,31.0,15.0,562,468.0,215.0,450.0,,,
2026-03-25 14:25:29,31.0,15.0,600,492.0,247.0,436.0,,,
2026-03-25 14:55:28,31.0,15.0,609,485.0,271.0,458.0,,,
2026-03-25 15:55:29,30.0,16.0,758,493.0,269.0,459.0,,,
2026-03-25 16:25:28,30.0,16.0,807,486.0,274.0,457.0,,,
2026-03-25 16:55:34,30.0,16.0,826,497.0,265.0,457.0,,,
2026-03-25 17:25:28,31.0,15.0,795,497.0,273.0,455.0,,,
2026-03-25 17:55:33,31.0,15.0,820,515.0,277.0,459.0,,,
2026-03-25 18:25:28,31.0,15.0,843,508.0,269.0,473.0,,,
2026-03-25 18:55:57,31.0,15.0,852,488.0,158.0,469.0,,,
2026-03-25 19:55:28,31.0,15.0,853,489.0,163.0,461.0,,,
2026-03-25 20:25:29,31.0,15.0,853,485.0,163.0,496.0,,,
2026-03-25 21:25:28,30.0,16.0,852,489.0,148.0,459.0,,,
2026-03-25 22:25:29,30.0,16.0,855,471.0,160.0,426.0,,,
2026-03-25 22:55:28,30.0,16.0,906,494.0,165.0,425.0,,,
2026-03-25 23:25:28,30.0,16.0,906,489.0,193.0,448.0,,,
2026-03-26 00:00:26,30.0,16.0,907,478.0,191.0,447.0,,,
2026-03-26 00:25:28,30.0,16.0,908,474.0,188.0,454.0,,,
2026-03-26 00:55:34,30.0,16.0,910,471.0,194.0,441.0,,,
2026-03-26 01:25:28,30.0,16.0,909,486.0,193.0,440.0,,,
2026-03-26 01:55:34,30.0,16.0,908,486.0,192.0,442.0,,,
2026-03-26 02:25:28,30.0,16.0,909,495.0,198.0,442.0,,,
2026-03-26 02:55:34,30.0,16.0,911,494.0,191.0,446.0,,,
2026-03-26 03:25:28,30.0,16.0,910,496.0,200.0,445.0,,,
2026-03-26 03:55:34,30.0,16.0,910,484.0,198.0,445.0,,,
2026-03-26 04:25:28,30.0,16.0,910,489.0,188.0,443.0,,,
2026-03-26 04:55:34,30.0,16.0,910,497.0,211.0,443.0,,,
2026-03-26 05:25:28,30.0,16.0,910,486.0,216.0,439.0,,,
2026-03-26 05:55:34,30.0,16.0,909,480.0,208.0,441.0,,,
2026-03-26 06:25:28,30.0,16.0,880,490.0,216.0,434.0,,,
2026-03-26 06:55:28,30.0,16.0,806,488.0,213.0,438.0,,,
2026-03-26 07:25:29,30.0,16.0,715,482.0,209.0,438.0,,,
2026-03-26 07:46:40,30.0,16.0,670,487.0,216.0,447.0,,,
2026-03-26 07:55:28,30.0,16.0,654,479.0,211.0,446.0,,,
2026-03-26 08:25:28,30.0,38.0,604,505.0,211.0,453.0,,,
2026-03-26 08:33:09,30.0,38.0,670,506.0,204.0,451.0,,,
2026-03-26 08:55:28,31.0,37.0,599,501.0,204.0,448.0,,,
2026-03-26 09:29:29,31.0,37.0,572,498.0,215.0,454.0,,,
2026-03-26 09:55:28,31.0,36.0,542,502.0,203.0,447.0,,,
2026-03-26 10:25:30,31.0,37.0,554,477.0,225.0,445.0,,,
2026-03-26 10:55:28,32.0,36.0,535,467.0,196.0,435.0,,,
2026-03-26 16:55:28,32.0,33.0,785,479.0,207.0,442.0,,,
2026-03-26 17:25:29,32.0,34.0,802,485.0,222.0,442.0,,,
2026-03-26 19:25:28,32.0,33.0,757,480.0,219.0,459.0,,,
2026-03-26 19:55:28,32.0,33.0,781,495.0,193.0,464.0,,,
2026-03-26 20:18:40,32.0,31.0,780,499.0,170.0,480.0,,,
2026-03-26 20:25:28,32.0,33.0,763,513.0,241.0,463.0,,,
2026-03-26 20:55:28,32.0,32.0,851,502.0,219.0,436.0,,,
2026-03-26 21:25:28,32.0,32.0,843,496.0,216.0,431.0,,,
2026-03-26 21:55:28,32.0,32.0,849,492.0,196.0,436.0,,,
2026-03-26 22:25:28,32.0,31.0,714,494.0,221.0,374.0,,,
2026-03-26 23:55:30,32.0,33.0,879,507.0,199.0,360.0,,,
2026-03-27 01:57:31,32.0,34.0,877,464.0,205.0,341.0,,,
2026-03-27 05:25:40,32.0,35.0,877,501.0,203.0,356.0,,,
2026-03-27 06:56:02,32.0,36.0,782,507.0,207.0,352.0,,,
2026-03-27 07:25:28,32.0,36.0,695,471.0,209.0,345.0,,,
2026-03-27 07:55:28,32.0,36.0,629,515.0,197.0,349.0,,,
2026-03-27 08:25:28,32.0,36.0,600,499.0,198.0,351.0,,,
2026-03-27 08:55:28,32.0,36.0,587,523.0,181.0,354.0,,,
2026-03-27 09:25:28,32.0,36.0,598,531.0,194.0,351.0,,,
2026-03-27 09:55:28,32.0,35.0,632,484.0,226.0,368.0,,,
2026-03-27 10:28:17,31.0,34.0,630,501.0,241.0,383.0,,,
2026-03-27 10:55:28,32.0,34.0,623,501.0,236.0,381.0,,,
2026-03-27 11:18:17,31.0,34.0,625,504.0,229.0,382.0,,,
2026-03-27 11:25:28,32.0,33.0,638,500.0,235.0,379.0,,,
2026-03-27 11:55:28,32.0,33.0,649,506.0,237.0,383.0,,,
2026-03-27 12:25:28,32.0,34.0,659,508.0,232.0,382.0,,,
2026-03-27 12:55:28,32.0,31.0,659,520.0,215.0,387.0,,,
2026-03-27 13:25:28,32.0,26.0,540,509.0,244.0,407.0,,,
2026-03-27 13:55:28,32.0,32.0,586,507.0,217.0,383.0,,,
2026-03-27 14:25:29,32.0,30.0,601,522.0,225.0,397.0,,,
2026-03-27 14:55:28,32.0,31.0,626,508.0,210.0,384.0,,,
2026-03-27 15:25:28,32.0,28.0,709,529.0,225.0,410.0,,,
2026-03-27 15:58:33,31.0,28.0,779,520.0,215.0,410.0,,,
2026-03-27 16:25:29,32.0,28.0,877,523.0,222.0,410.0,,,
2026-03-27 16:55:28,32.0,28.0,825,534.0,218.0,408.0,,,
2026-03-27 17:25:29,31.0,28.0,850,532.0,230.0,415.0,,,
2026-03-27 17:55:28,32.0,29.0,881,544.0,198.0,401.0,,,
2026-03-27 18:25:28,32.0,29.0,866,544.0,237.0,409.0,,,
2026-03-27 18:55:28,32.0,29.0,868,559.0,212.0,404.0,,,
2026-03-27 19:25:28,32.0,29.0,869,555.0,215.0,416.0,,,
2026-03-27 19:55:29,32.0,30.0,869,557.0,219.0,410.0,,,
2026-03-27 20:25:28,32.0,30.0,869,557.0,240.0,412.0,,,
2026-03-27 20:55:28,32.0,31.0,869,555.0,225.0,413.0,,,
2026-03-27 21:25:28,32.0,31.0,866,559.0,221.0,417.0,,,
2026-03-27 21:55:28,32.0,32.0,869,573.0,195.0,412.0,,,
2026-03-27 22:25:28,30.0,27.0,870,533.0,176.0,420.0,,,
2026-03-27 22:57:51,30.0,26.0,914,547.0,174.0,434.0,,,
2026-03-28 05:55:30,31.0,27.0,913,525.0,227.0,432.0,,,
2026-03-28 06:55:28,31.0,27.0,784,527.0,216.0,443.0,,,
2026-03-28 07:25:28,30.0,28.0,717,545.0,234.0,435.0,,,
2026-03-28 07:55:28,30.0,29.0,655,536.0,198.0,435.0,,,
2026-03-28 08:25:28,30.0,29.0,616,547.0,218.0,429.0,,,
2026-03-28 08:55:29,30.0,30.0,594,544.0,200.0,427.0,,,
2026-03-28 09:25:28,30.0,30.0,584,548.0,231.0,429.0,,,
2026-03-28 09:55:28,30.0,28.0,578,547.0,239.0,438.0,,,
2026-03-28 10:25:28,30.0,27.0,580,542.0,236.0,438.0,,,
2026-03-28 10:55:28,30.0,27.0,572,509.0,233.0,438.0,,,
2026-03-28 11:25:28,31.0,26.0,546,575.0,217.0,426.0,,,
2026-03-28 11:55:28,31.0,26.0,554,574.0,202.0,422.0,,,
2026-03-28 12:25:28,31.0,26.0,579,539.0,227.0,430.0,,,
2026-03-28 12:57:49,31.0,28.0,585,559.0,208.0,417.0,,,
2026-03-28 13:25:28,32.0,29.0,606,598.0,202.0,433.0,,,
2026-03-28 13:55:27,32.0,29.0,592,599.0,213.0,410.0,,,
2026-03-28 14:03:33,32.0,28.0,596,596.0,212.0,409.0,,,
2026-03-28 14:25:27,32.0,28.0,606,604.0,200.0,413.0,,,
2026-03-28 14:55:27,33.0,30.0,631,563.0,179.0,415.0,,,
2026-03-28 15:25:28,33.0,30.0,679,570.0,168.0,408.0,,,
2026-03-28 15:55:29,33.0,29.0,755,581.0,154.0,403.0,,,
2026-03-28 17:55:27,33.0,30.0,832,487.0,152.0,412.0,,,
2026-03-28 18:26:00,33.0,30.0,852,488.0,192.0,406.0,,,
2026-03-28 20:25:28,32.0,31.0,851,489.0,142.0,410.0,,,
2026-03-29 08:04:43,32.0,37.0,660,490.0,134.0,410.0,,,
2026-03-29 08:25:27,32.0,37.0,676,510.0,129.0,423.0,,,
2026-03-29 08:47:34,32.0,37.0,639,523.0,131.0,428.0,,,
2026-03-29 08:55:27,32.0,36.0,641,523.0,128.0,423.0,,,
2026-03-29 09:00:03,32.0,36.0,651,539.0,126.0,426.0,,,
2026-03-29 09:25:28,32.0,36.0,671,523.0,124.0,415.0,,,
2026-03-29 09:55:28,32.0,35.0,651,542.0,124.0,417.0,,,
2026-03-29 10:25:27,32.0,34.0,567,542.0,120.0,420.0,,,
2026-03-29 10:55:28,32.0,32.0,570,530.0,123.0,416.0,,,
2026-03-29 11:25:28,32.0,32.0,566,534.0,120.0,418.0,,,
2026-03-29 12:58:16,32.0,36.0,586,529.0,117.0,419.0,,,
2026-03-29 13:25:28,32.0,36.0,596,558.0,122.0,421.0,,,
2026-03-29 14:55:27,33.0,33.0,631,555.0,124.0,424.0,,,
2026-03-29 15:25:28,33.0,34.0,682,539.0,119.0,425.0,,,
2026-03-29 15:56:57,33.0,35.0,744,535.0,121.0,426.0,,,
2026-03-29 16:25:28,33.0,35.0,768,533.0,120.0,425.0,,,
2026-03-29 16:55:27,33.0,35.0,791,536.0,121.0,427.0,,,
2026-03-29 17:57:05,33.0,34.0,876,539.0,122.0,429.0,,,
2026-03-29 19:55:27,33.0,35.0,858,542.0,123.0,442.0,,,
2026-03-29 20:25:27,33.0,35.0,898,558.0,122.0,454.0,,,
2026-03-29 23:01:23,33.0,35.0,899,575.0,125.0,451.0,,,
2026-03-30 00:55:27,32.0,36.0,899,575.0,125.0,445.0,,,
2026-03-30 02:57:15,32.0,33.0,899,580.0,125.0,441.0,,,
2026-03-30 04:59:15,32.0,35.0,899,553.0,127.0,454.0,,,
2026-03-30 06:02:59,32.0,36.0,896,558.0,127.0,433.0,,,
2026-03-30 06:55:27,32.0,36.0,772,505.0,128.0,447.0,,,
2026-03-30 07:25:28,32.0,36.0,702,504.0,128.0,437.0,,,
2026-03-30 07:55:27,32.0,36.0,642,506.0,126.0,437.0,,,
2026-03-30 08:25:27,32.0,36.0,595,509.0,190.0,445.0,,,
2026-03-30 08:55:27,32.0,36.0,651,523.0,128.0,446.0,,,
2026-03-30 09:25:27,32.0,35.0,545,515.0,187.0,454.0,,,
2026-03-30 09:55:27,32.0,33.0,548,518.0,174.0,463.0,,,
2026-03-30 11:25:28,32.0,33.0,613,516.0,143.0,445.0,,,
2026-03-30 11:55:27,32.0,33.0,757,515.0,144.0,446.0,,,
2026-03-30 12:55:28,32.0,33.0,769,513.0,141.0,446.0,,,
2026-03-30 13:25:29,32.0,31.0,774,532.0,163.0,465.0,,,
2026-03-30 14:25:28,32.0,30.0,809,534.0,158.0,463.0,,,
2026-03-30 14:55:28,32.0,30.0,778,365.0,156.0,476.0,,,
2026-03-30 15:25:28,32.0,30.0,784,359.0,152.0,446.0,,,
2026-03-30 15:49:59,32.0,30.0,824,365.0,150.0,451.0,,,
2026-03-30 15:55:27,33.0,29.0,789,364.0,140.0,448.0,,,
2026-03-30 16:25:28,33.0,29.0,766,376.0,134.0,461.0,,,
2026-03-30 16:55:28,32.0,27.0,793,397.0,140.0,502.0,,,
2026-03-30 17:25:27,32.0,27.0,800,397.0,139.0,490.0,,,
2026-03-30 18:25:28,31.0,26.0,803,395.0,136.0,484.0,,,
2026-03-30 19:25:28,32.0,28.0,758,381.0,134.0,451.0,,,
2026-03-30 20:25:27,33.0,30.0,792,374.0,125.0,437.0,,,
2026-03-30 20:55:28,33.0,30.0,789,375.0,125.0,438.0,,,
2026-03-30 21:25:27,32.0,30.0,774,378.0,124.0,439.0,,,
2026-03-30 22:57:21,32.0,30.0,817,377.0,128.0,441.0,,,
2026-03-31 07:25:27,31.0,32.0,679,393.0,132.0,464.0,,,
2026-03-31 07:55:28,32.0,33.0,768,383.0,134.0,422.0,,,
2026-03-31 08:55:28,32.0,35.0,788,391.0,91.0,438.0,,,
2026-03-31 10:25:28,32.0,34.0,732,397.0,110.0,461.0,,,
2026-03-31 10:55:27,32.0,33.0,708,399.0,110.0,462.0,,,
2026-03-31 12:25:28,32.0,34.0,740,396.0,109.0,453.0,,,
2026-03-31 12:55:28,32.0,32.0,745,402.0,110.0,475.0,,,
2026-03-31 13:55:27,32.0,30.0,761,402.0,119.0,461.0,,,
2026-03-31 14:25:28,32.0,29.0,789,400.0,101.0,472.0,,,
2026-03-31 14:55:27,32.0,29.0,757,406.0,123.0,402.0,,,
2026-04-01 08:19:33,32.0,31.0,702,422.0,94.0,434.0,,,
2026-04-01 08:21:17,32.0,31.0,700,421.0,73.0,430.0,,,
2026-04-01 08:25:28,32.0,30.0,684,421.0,102.0,433.0,,,
2026-04-01 08:55:28,31.0,27.0,671,458.0,99.0,460.0,,,
2026-04-01 09:25:28,31.0,26.0,662,469.0,102.0,467.0,,,
2026-04-01 09:55:27,31.0,26.0,667,480.0,101.0,472.0,,,
2026-04-01 10:25:28,30.0,27.0,664,486.0,99.0,484.0,,,
2026-04-01 10:55:27,31.0,26.0,661,417.0,94.0,471.0,,,
2026-04-01 11:25:28,31.0,26.0,667,421.0,99.0,469.0,,,
2026-04-01 11:55:28,31.0,27.0,676,478.0,99.0,464.0,,,
2026-04-01 13:55:28,31.0,27.0,686,463.0,89.0,471.0,,,
2026-04-01 14:25:53,31.0,27.0,692,339.0,68.0,328.0,,,
2026-04-01 14:55:27,32.0,27.0,696,344.0,68.0,327.0,,,
2026-04-01 15:55:28,32.0,27.0,760,356.0,72.0,332.0,,,
2026-04-01 16:25:27,32.0,27.0,772,354.0,74.0,335.0,,,
2026-04-01 16:55:28,32.0,27.0,780,359.0,76.0,339.0,,,
2026-04-01 17:25:28,32.0,27.0,794,359.0,80.0,339.0,,,
2026-04-01 17:57:42,32.0,27.0,807,361.0,80.0,347.0,,,
2026-04-01 19:25:27,33.0,26.0,825,364.0,79.0,351.0,,,
2026-04-01 22:55:27,33.0,26.0,851,376.0,82.0,355.0,,,
2026-04-01 23:55:30,33.0,26.0,853,375.0,83.0,356.0,,,
2026-04-02 01:57:02,32.0,27.0,863,370.0,82.0,369.0,,,
2026-04-02 03:25:28,32.0,27.0,864,375.0,88.0,389.0,,,
2026-04-02 06:25:28,32.0,28.0,799,377.0,93.0,387.0,,,
2026-04-02 06:55:28,32.0,29.0,744,385.0,93.0,391.0,,,
2026-04-02 07:28:55,32.0,28.0,652,389.0,85.0,399.0,,,
2026-04-02 07:55:28,32.0,28.0,596,390.0,88.0,399.0,,,
2026-04-02 08:25:53,32.0,29.0,633,390.0,94.0,398.0,,,
2026-04-02 08:55:53,32.0,29.0,623,395.0,88.0,390.0,,,
2026-04-02 09:25:27,32.0,29.0,645,393.0,94.0,397.0,,,
2026-04-02 09:55:28,32.0,29.0,643,397.0,106.0,397.0,,,
2026-04-02 12:25:27,32.0,27.0,660,410.0,88.0,396.0,,,
2026-04-02 14:25:27,33.0,26.0,641,411.0,92.0,341.0,,,
2026-04-02 14:55:27,33.0,26.0,678,409.0,92.0,344.0,,,
2026-04-02 15:55:27,33.0,26.0,805,414.0,98.0,349.0,,,
2026-04-02 20:56:50,33.0,28.0,865,425.0,114.0,390.0,,,
2026-04-02 22:58:45,33.0,29.0,865,421.0,135.0,396.0,,,
2026-04-02 23:55:28,33.0,28.0,866,424.0,100.0,398.0,,,
2026-04-03 05:34:56,33.0,28.0,868,417.0,91.0,407.0,,,
2026-04-03 05:56:38,32.0,29.0,864,422.0,90.0,407.0,,,
2026-04-03 07:58:17,32.0,30.0,672,418.0,92.0,411.0,,,
2026-04-03 08:25:28,32.0,30.0,552,425.0,108.0,413.0,,,
2026-04-03 09:56:02,32.0,29.0,627,430.0,121.0,422.0,,,
2026-04-03 10:26:19,32.0,29.0,634,434.0,121.0,423.0,,,
2026-04-03 10:55:27,32.0,28.0,633,435.0,109.0,425.0,,,
2026-04-03 12:55:27,33.0,28.0,656,443.0,137.0,431.0,,,
2026-04-03 13:25:28,33.0,28.0,662,444.0,140.0,433.0,,,
2026-04-03 13:55:28,33.0,27.0,688,449.0,137.0,437.0,,,
2026-04-03 15:54:40,33.0,27.0,774,450.0,116.0,439.0,,,
2026-04-03 15:57:07,33.0,28.0,775,450.0,131.0,439.0,,,
2026-04-03 16:27:55,33.0,28.0,787,440.0,122.0,422.0,,,
2026-04-03 17:31:54,33.0,28.0,809,449.0,155.0,448.0,,,
2026-04-03 18:27:35,32.0,27.0,840,473.0,164.0,480.0,,,
2026-04-03 20:17:21,32.0,26.0,894,369.0,140.0,383.0,,,
2026-04-03 20:59:17,32.0,26.0,895,379.0,139.0,384.0,,,
2026-04-03 21:30:33,30.0,18.0,896,378.0,131.0,380.0,,,
2026-04-03 22:20:18,31.0,20.0,901,389.0,149.0,384.0,,,
2026-04-04 00:02:04,31.0,26.0,938,370.0,147.0,380.0,,,
2026-04-04 07:04:26,31.0,31.0,827,375.0,169.0,370.0,,,
2026-04-04 07:06:04,31.0,31.0,830,379.0,144.0,371.0,,,
2026-04-04 07:35:11,32.0,33.0,808,378.0,165.0,373.0,,,
2026-04-04 08:06:07,31.0,30.0,766,386.0,144.0,380.0,,,
2026-04-04 08:36:54,31.0,29.0,724,387.0,145.0,393.0,,,
2026-04-04 09:07:43,31.0,30.0,768,393.0,141.0,385.0,,,
2026-04-04 09:38:31,32.0,33.0,766,377.0,129.0,363.0,,,
2026-04-04 10:09:20,32.0,31.0,726,392.0,150.0,378.0,,,
2026-04-04 10:43:19,32.0,31.0,693,379.0,127.0,361.0,,,
2026-04-04 11:14:02,32.0,28.0,682,386.0,172.0,372.0,,,
2026-04-04 11:45:46,32.0,26.0,706,400.0,171.0,381.0,,,
2026-04-04 12:22:25,32.0,28.0,701,416.0,182.0,397.0,,,
2026-04-04 12:53:26,31.0,26.0,727,410.0,199.0,396.0,,,
2026-04-04 13:24:27,32.0,27.0,721,408.0,180.0,391.0,,,
2026-04-04 14:00:32,32.0,26.0,738,407.0,186.0,386.0,,,
2026-04-04 14:47:54,32.0,26.0,755,401.0,166.0,382.0,,,
2026-04-04 15:43:44,32.0,26.0,800,396.0,179.0,376.0,,,
2026-04-04 16:15:12,32.0,26.0,847,391.0,189.0,386.0,,,
2026-04-04 17:02:15,32.0,27.0,891,398.0,167.0,384.0,,,
2026-04-04 17:41:46,32.0,27.0,877,402.0,145.0,388.0,,,
2026-04-04 18:12:45,32.0,27.0,894,401.0,167.0,388.0,,,
2026-04-04 18:43:46,32.0,28.0,934,394.0,164.0,382.0,,,
2026-04-04 19:14:50,32.0,28.0,934,393.0,167.0,382.0,,,
2026-04-04 19:45:48,32.0,29.0,934,398.0,164.0,382.0,,,
2026-04-04 20:16:51,32.0,29.0,935,395.0,171.0,384.0,,,
2026-04-04 20:47:53,32.0,29.0,934,392.0,162.0,382.0,,,
2026-04-04 21:18:52,32.0,29.0,935,399.0,162.0,385.0,,,
2026-04-04 21:49:47,32.0,28.0,935,394.0,158.0,383.0,,,
2026-04-04 22:20:46,32.0,29.0,936,397.0,151.0,386.0,,,
2026-04-04 22:51:41,32.0,29.0,936,398.0,158.0,388.0,,,
2026-04-04 23:22:40,32.0,29.0,898,403.0,161.0,390.0,,,
2026-04-04 23:53:39,32.0,29.0,896,389.0,159.0,381.0,,,
2026-04-05 00:24:39,32.0,27.0,936,394.0,157.0,387.0,,,
2026-04-05 00:55:36,32.0,27.0,936,395.0,164.0,384.0,,,
2026-04-05 01:26:32,32.0,27.0,936,388.0,162.0,381.0,,,
2026-04-05 01:57:29,32.0,27.0,936,390.0,164.0,380.0,,,
2026-04-05 02:28:26,32.0,27.0,936,390.0,167.0,380.0,,,
2026-04-05 02:59:24,32.0,28.0,936,389.0,165.0,380.0,,,
2026-04-05 03:30:22,32.0,28.0,936,390.0,165.0,380.0,,,
2026-04-05 04:01:22,32.0,28.0,936,384.0,162.0,381.0,,,
2026-04-05 04:32:20,32.0,27.0,937,388.0,169.0,384.0,,,
2026-04-05 05:03:17,32.0,26.0,936,385.0,168.0,382.0,,,
2026-04-05 05:34:17,32.0,26.0,937,385.0,158.0,384.0,,,
2026-04-05 06:05:11,32.0,26.0,933,392.0,157.0,388.0,,,
2026-04-05 06:36:08,32.0,26.0,888,390.0,164.0,388.0,,,
2026-04-05 07:07:07,32.0,26.0,808,388.0,163.0,382.0,,,
2026-04-05 07:38:06,32.0,26.0,854,399.0,170.0,395.0,,,
2026-04-05 08:09:02,32.0,26.0,764,396.0,172.0,390.0,,,
2026-04-05 08:40:01,32.0,26.0,719,396.0,185.0,396.0,,,
2026-04-05 09:10:58,31.0,21.0,710,415.0,185.0,413.0,,,
2026-04-05 09:41:50,31.0,21.0,717,419.0,176.0,414.0,,,
2026-04-05 10:12:48,32.0,22.0,552,550.0,444.0,526.0,,,
2026-04-05 10:43:46,32.0,26.0,708,418.0,163.0,416.0,,,
2026-04-05 11:14:35,32.0,22.0,707,419.0,166.0,415.0,,,
2026-04-05 11:17:04,32.0,22.0,708,417.0,154.0,415.0,,,
2026-04-05 11:40:37,32.0,24.0,701,407.0,156.0,405.0,,,
2026-04-05 11:45:27,33.0,23.0,700,406.0,161.0,405.0,,,
2026-04-05 12:17:21,32.0,22.0,711,420.0,172.0,411.0,,,
2026-04-05 12:51:18,32.0,22.0,727,427.0,137.0,410.0,,,
2026-04-05 13:22:12,32.0,26.0,733,419.0,162.0,407.0,,,
2026-04-05 13:53:10,33.0,25.0,739,415.0,164.0,401.0,,,
2026-04-05 14:26:57,32.0,26.0,769,433.0,218.0,442.0,,,
2026-04-05 14:57:47,32.0,26.0,806,438.0,210.0,442.0,,,
2026-04-05 15:54:25,32.0,26.0,824,448.0,184.0,407.0,,,
2026-04-05 16:41:07,32.0,27.0,838,427.0,169.0,390.0,,,
2026-04-05 17:30:17,32.0,29.0,834,406.0,170.0,379.0,,,
2026-04-05 18:01:02,32.0,29.0,853,375.0,135.0,412.0,,,
2026-04-05 18:31:54,32.0,28.0,862,384.0,135.0,427.0,,,
2026-04-05 19:02:41,32.0,28.0,860,390.0,136.0,409.0,,,
2026-04-05 19:54:22,32.0,28.0,896,399.0,202.0,416.0,,,
2026-04-05 20:52:02,32.0,28.0,858,395.0,178.0,410.0,,,
2026-04-05 21:41:36,31.0,27.0,898,403.0,198.0,416.0,,,
2026-04-05 22:39:42,32.0,29.0,886,361.0,112.0,389.0,,,
2026-04-06 00:21:27,32.0,29.0,888,370.0,119.0,398.0,,,
2026-04-06 02:24:28,32.0,30.0,889,372.0,111.0,394.0,,,
2026-04-06 04:12:18,32.0,32.0,889,365.0,115.0,392.0,,,
2026-04-06 06:01:05,32.0,33.0,889,365.0,127.0,391.0,,,
2026-04-06 06:50:15,32.0,32.0,815,342.0,114.0,391.0,,,
2026-04-06 07:21:04,32.0,33.0,801,323.0,101.0,358.0,,,
2026-04-06 07:51:51,32.0,35.0,783,342.0,123.0,415.0,,,
2026-04-06 08:22:38,32.0,30.0,723,371.0,138.0,409.0,,,
2026-04-06 08:53:28,33.0,31.0,825,426.0,190.0,398.0,,,
2026-04-06 09:24:14,33.0,35.0,801,393.0,150.0,373.0,,,
2026-04-06 09:55:04,33.0,36.0,781,399.0,164.0,381.0,,,
2026-04-06 10:52:13,33.0,37.0,795,415.0,173.0,359.0,,,
2026-04-06 11:39:10,33.0,35.0,887,423.0,171.0,336.0,,,
2026-04-06 12:35:46,33.0,30.0,928,451.0,173.0,342.0,,,
2026-04-06 13:15:21,32.0,31.0,870,484.0,227.0,361.0,,,
2026-04-06 13:46:07,32.0,29.0,854,505.0,214.0,396.0,,,
2026-04-06 14:18:00,32.0,26.0,842,534.0,246.0,408.0,,,
2026-04-06 14:48:47,32.0,29.0,830,516.0,215.0,398.0,,,
2026-04-06 15:22:44,32.0,29.0,852,528.0,219.0,387.0,,,
2026-04-06 16:11:10,32.0,15.0,853,562.0,281.0,446.0,,,
2026-04-06 16:52:03,31.0,26.0,870,548.0,238.0,479.0,,,
2026-04-06 17:22:54,31.0,26.0,878,548.0,302.0,477.0,,,
2026-04-06 18:11:45,31.0,27.0,948,546.0,303.0,476.0,,,
2026-04-06 18:58:06,31.0,30.0,946,536.0,263.0,422.0,,,
2026-04-06 19:56:56,30.0,28.0,907,367.0,346.0,492.0,,,
2026-04-06 20:27:44,31.0,26.0,877,544.0,239.0,416.0,,,
2026-04-06 20:58:31,31.0,28.0,880,541.0,238.0,425.0,,,
2026-04-06 21:39:07,31.0,27.0,878,271.0,269.0,397.0,,,
2026-04-06 23:09:52,31.0,27.0,882,508.0,310.0,449.0,,,
2026-04-06 23:21:38,31.0,28.0,946,513.0,317.0,444.0,,,
2026-04-07 00:08:17,31.0,28.0,946,510.0,320.0,442.0,,,
2026-04-07 00:54:57,31.0,29.0,945,507.0,330.0,444.0,,,
2026-04-07 01:47:10,31.0,30.0,944,511.0,333.0,449.0,,,
2026-04-07 02:33:52,31.0,30.0,931,503.0,309.0,463.0,,,
2026-04-07 03:20:32,31.0,31.0,853,506.0,323.0,453.0,,,
2026-04-07 04:07:11,31.0,31.0,863,503.0,322.0,444.0,,,
2026-04-07 04:53:40,31.0,30.0,864,503.0,312.0,446.0,,,
2026-04-07 05:40:20,31.0,29.0,864,501.0,287.0,448.0,,,
2026-04-07 06:27:26,31.0,29.0,851,500.0,295.0,449.0,,,
2026-04-07 07:03:12,31.0,28.0,778,509.0,319.0,456.0,,,
2026-04-07 07:34:01,31.0,28.0,755,510.0,265.0,457.0,,,
2026-04-07 08:04:55,31.0,27.0,726,497.0,307.0,452.0,,,
2026-04-07 08:36:14,31.0,28.0,697,503.0,297.0,451.0,,,
2026-04-07 09:07:36,31.0,29.0,679,506.0,299.0,380.0,,,
2026-04-07 09:44:04,31.0,28.0,737,513.0,247.0,416.0,,,
2026-04-07 10:04:39,0.0,0.0,724,548.0,118.0,373.0,0.0,0.0,
2026-04-07 10:15:20,0.0,0.0,716,504.0,220.0,358.0,0.0,0.0,
2026-04-07 10:47:53,34.89,64.64,648,481.0,197.0,348.0,1010.34,6.54,
2026-04-07 11:12:21,0.0,0.0,640,482.0,196.0,373.0,0.0,0.0,
2026-04-07 11:14:48,0.0,0.0,645,473.0,108.0,350.0,0.0,0.0,
2026-04-07 11:23:32,0.0,0.0,656,470.0,208.0,353.0,0.0,0.0,
2026-04-07 11:24:54,34.52,72.69,681,472.0,154.0,362.0,1010.13,7.32,
2026-04-07 11:30:22,0.0,0.0,621,454.0,196.0,347.0,0.0,0.0,
2026-04-07 11:48:09,0.0,0.0,643,474.0,227.0,349.0,0.0,0.0,-25.8
2026-04-07 13:04:14,33.96,70.03,784,439.0,150.0,368.0,1008.65,23.31,0.0
2026-04-07 13:35:11,34.21,69.8,791,437.0,161.0,369.0,1008.11,41.35,0.0
2026-04-07 14:05:55,34.28,68.6,829,434.0,153.0,370.0,1007.77,39.25,0.0
2026-04-07 14:29:23,34.25,69.31,840,432.0,155.0,369.0,1007.52,37.86,-25.6
2026-04-07 15:22:10,0.0,0.0,880,437.0,174.0,362.0,0.0,0.0,-31.5
2026-04-07 16:55:23,0.0,0.0,856,448.0,181.0,354.0,0.0,0.0,-23.6
2026-04-07 17:26:19,0.0,0.0,866,479.0,203.0,389.0,0.0,0.0,-28.2
2026-04-07 17:57:14,0.0,0.0,894,472.0,174.0,388.0,0.0,0.0,-22.3
2026-04-07 18:45:37,0.0,0.0,865,419.0,118.0,393.0,0.0,0.0,0.0
2026-04-07 19:36:16,0.0,0.0,726,413.0,219.0,344.0,0.0,0.0,-23.8
2026-04-07 20:07:02,34.55,100.0,780,419.0,198.0,353.0,652.01,0.0,-38.3
2026-04-07 20:41:22,34.55,100.0,791,415.0,156.0,374.0,652.01,0.0,-37.3
2026-04-07 21:34:20,0.0,0.0,833,413.0,143.0,332.0,0.0,0.0,-26.1
2026-04-07 21:59:39,34.74,67.63,833,445.0,171.0,388.0,1009.24,30.77,-38.4
2026-04-07 22:05:56,34.95,67.09,850,439.0,124.0,394.0,1009.22,32.86,-38.4
2026-04-07 22:08:16,34.98,66.91,844,439.0,168.0,396.0,1009.21,33.25,-39.1
2026-04-07 22:36:43,34.55,68.52,770,472.0,176.0,382.0,1009.29,15.91,-30.6
2026-04-07 23:34:45,35.41,65.96,862,466.0,175.0,388.0,1009.21,34.86,0.0
2026-04-08 00:36:55,35.49,66.09,860,452.0,175.0,393.0,1008.86,34.37,0.0
2026-04-08 01:23:31,35.42,66.28,870,454.0,176.0,400.0,1008.61,34.43,0.0
2026-04-08 02:09:39,35.33,66.37,870,449.0,172.0,396.0,1008.43,34.54,0.0
2026-04-08 02:56:24,35.28,66.75,873,452.0,173.0,413.0,1008.0,34.37,0.0
2026-04-08 03:43:01,35.28,66.41,873,446.0,168.0,413.0,1007.87,34.34,0.0
2026-04-08 04:29:42,35.16,66.21,872,436.0,164.0,408.0,1008.15,34.15,0.0
2026-04-08 05:20:53,35.09,66.25,871,432.0,175.0,405.0,1008.44,33.71,0.0
2026-04-08 06:07:32,35.02,66.5,867,430.0,163.0,393.0,1008.7,33.81,0.0
2026-04-08 06:53:47,34.84,66.74,830,459.0,192.0,424.0,1009.55,34.29,0.0
2026-04-08 07:22:54,34.55,100.0,763,444.0,139.0,391.0,652.01,0.0,0.0
2026-04-08 07:30:56,33.3,72.45,742,444.0,138.0,391.0,1010.21,10.82,0.0
2026-04-08 07:36:29,33.52,71.98,738,458.0,153.0,404.0,1010.26,33.04,-30.5
2026-04-08 08:01:41,34.37,70.39,706,433.0,151.0,376.0,1010.5,15.06,-36.9
2026-04-08 08:37:53,33.68,72.54,604,451.0,111.0,363.0,1010.76,35.75,-25.9
2026-04-08 09:08:52,33.57,72.8,639,474.0,149.0,408.0,1010.76,35.42,-23.0
2026-04-08 10:16:35,0.0,0.0,709,477.0,148.0,430.0,0.0,0.0,-38.7
2026-04-08 10:51:30,34.15,72.3,699,480.0,144.0,392.0,1010.14,7.41,-31.4
2026-04-08 11:22:40,34.42,71.96,761,482.0,150.0,396.0,1009.82,11.01,-30.7
2026-04-08 11:53:58,34.55,100.0,760,485.0,167.0,400.0,652.01,0.0,-31.3
2026-04-08 12:24:40,0.0,0.0,764,487.0,149.0,401.0,0.0,0.0,-31.2
2026-04-08 12:55:29,34.55,100.0,811,491.0,146.0,404.0,652.01,0.0,-30.1
2026-04-08 13:26:16,34.55,100.0,798,497.0,142.0,405.0,652.01,0.0,-31.1
2026-04-08 13:57:08,34.55,100.0,792,529.0,145.0,406.0,652.01,0.0,-38.6
2026-04-08 14:27:56,34.55,100.0,792,531.0,142.0,407.0,652.01,0.0,-24.6
2026-04-08 14:58:45,34.55,100.0,803,525.0,144.0,409.0,652.01,0.0,-37.6
2026-04-08 15:29:36,34.55,100.0,807,519.0,142.0,408.0,652.01,0.0,-37.8
2026-04-08 16:00:15,0.0,0.0,833,514.0,149.0,416.0,0.0,0.0,-29.0
2026-04-08 16:31:00,0.0,0.0,793,499.0,187.0,419.0,0.0,0.0,-26.6
2026-04-08 17:01:43,0.0,0.0,772,535.0,799.0,375.0,0.0,0.0,-36.5
2026-04-08 17:32:27,0.0,0.0,786,506.0,839.0,379.0,0.0,0.0,-35.5
2026-04-08 18:03:11,0.0,0.0,775,493.0,863.0,379.0,0.0,0.0,-36.1
2026-04-08 18:34:46,0.0,0.0,775,491.0,874.0,381.0,0.0,0.0,-38.5
2026-04-08 19:05:30,0.0,0.0,797,488.0,880.0,372.0,0.0,0.0,-20.5
2026-04-08 19:36:13,0.0,0.0,803,488.0,723.0,359.0,0.0,0.0,-25.2
2026-04-08 20:07:18,0.0,0.0,801,490.0,488.0,361.0,0.0,0.0,-26.1
2026-04-08 20:38:00,0.0,0.0,818,527.0,381.0,409.0,0.0,0.0,-29.3
2026-04-08 21:08:44,0.0,0.0,792,526.0,285.0,408.0,0.0,0.0,-30.2
2026-04-08 21:39:26,0.0,0.0,782,527.0,301.0,410.0,0.0,0.0,-30.9
2026-04-08 22:10:10,0.0,0.0,764,518.0,278.0,396.0,0.0,0.0,-31.0
2026-04-08 22:41:01,0.0,0.0,857,513.0,280.0,393.0,0.0,0.0,-30.7
2026-04-08 23:11:41,0.0,0.0,864,521.0,293.0,401.0,0.0,0.0,-31.0
2026-04-08 23:42:25,0.0,0.0,866,513.0,280.0,396.0,0.0,0.0,-38.8
2026-04-09 00:13:08,0.0,0.0,871,512.0,284.0,402.0,0.0,0.0,-39.2
2026-04-09 00:44:03,0.0,0.0,869,514.0,296.0,413.0,0.0,0.0,-38.4
2026-04-09 01:14:46,0.0,0.0,874,519.0,301.0,427.0,0.0,0.0,-39.1
2026-04-09 01:45:29,0.0,0.0,869,520.0,320.0,439.0,0.0,0.0,-37.7
2026-04-09 02:16:33,0.0,0.0,862,508.0,298.0,407.0,0.0,0.0,-39.1
2026-04-09 02:47:16,0.0,0.0,866,503.0,271.0,396.0,0.0,0.0,-39.1
2026-04-09 03:18:11,0.0,0.0,867,504.0,323.0,406.0,0.0,0.0,-39.2
2026-04-09 03:48:55,0.0,0.0,872,509.0,340.0,428.0,0.0,0.0,-37.0
2026-04-09 04:19:39,0.0,0.0,867,507.0,327.0,421.0,0.0,0.0,-39.1
2026-04-09 04:50:57,0.0,0.0,868,510.0,350.0,434.0,0.0,0.0,-39.1
2026-04-09 05:22:01,0.0,0.0,871,512.0,339.0,428.0,0.0,0.0,-39.1
2026-04-09 05:52:45,0.0,0.0,867,506.0,325.0,412.0,0.0,0.0,-39.1
2026-04-09 06:23:26,0.0,0.0,864,504.0,326.0,421.0,0.0,0.0,-38.8
2026-04-09 06:54:08,0.0,0.0,859,497.0,330.0,413.0,0.0,0.0,-36.8
2026-04-09 07:24:48,0.0,0.0,856,498.0,330.0,414.0,0.0,0.0,-37.3
2026-04-09 07:55:45,0.0,0.0,857,507.0,348.0,440.0,0.0,0.0,-40.6
2026-04-09 08:26:36,0.0,0.0,806,481.0,295.0,397.0,0.0,0.0,-30.2
2026-04-09 09:59:08,33.82,70.48,598,454.0,210.0,328.0,1012.07,76.95,-31.0
2026-04-09 10:30:03,33.95,68.06,593,487.0,307.0,339.0,1011.81,43.64,-30.6
2026-04-09 10:54:21,34.04,67.26,603,458.0,305.0,339.0,1011.69,39.25,-27.7
2026-04-09 11:00:48,34.12,67.14,602,460.0,300.0,339.0,1011.61,37.32,-30.5
2026-04-09 11:31:37,34.41,69.86,642,461.0,319.0,338.0,1011.06,33.04,-37.8
2026-04-09 12:02:26,33.79,68.43,694,468.0,308.0,338.0,1010.51,31.78,-33.1
2026-04-09 12:33:25,34.36,72.5,663,495.0,316.0,339.0,1010.03,30.39,-37.7
2026-04-09 13:05:12,34.54,71.37,700,479.0,311.0,341.0,1009.29,30.17,-35.9
2026-04-09 13:36:04,34.6,71.15,715,467.0,317.0,342.0,1008.75,29.87,-38.0
2026-04-09 14:07:27,34.69,70.83,724,486.0,306.0,343.0,1008.06,29.0,-37.3
2026-04-09 14:38:25,34.71,70.14,742,460.0,317.0,344.0,1007.69,28.86,-38.0
2026-04-09 15:09:15,34.6,70.45,712,460.0,304.0,345.0,1007.42,27.44,-26.6
2026-04-09 15:40:07,34.62,70.28,717,463.0,294.0,348.0,1007.17,27.64,-26.1
2026-04-09 16:11:07,34.68,70.32,724,451.0,310.0,349.0,1007.06,26.98,-32.2
2026-04-09 16:41:57,34.68,70.27,699,487.0,330.0,347.0,1007.09,26.35,-30.6
2026-04-09 17:13:11,35.02,68.51,826,465.0,352.0,349.0,1007.36,26.46,-36.1
2026-04-09 17:44:03,35.05,68.33,846,457.0,241.0,349.0,1007.84,25.99,-38.3
2026-04-09 18:15:00,35.18,68.17,871,498.0,281.0,349.0,1008.19,23.68,-37.4
2026-04-09 18:45:49,35.19,67.61,847,494.0,259.0,349.0,1008.51,22.48,-37.5
2026-04-09 19:16:42,34.51,70.53,792,502.0,264.0,385.0,1008.99,22.9,-31.0
2026-04-09 19:48:46,30.75,50.27,790,486.0,288.0,377.0,1009.5,37.09,-29.6
2026-04-09 20:20:16,30.03,43.07,793,516.0,259.0,380.0,1009.89,41.1,-28.8
2026-04-09 20:51:21,33.77,60.63,795,523.0,217.0,385.0,1010.48,23.68,-30.3
2026-04-09 21:22:28,31.45,59.89,785,520.0,293.0,383.0,1010.8,29.91,-28.8
2026-04-09 21:53:17,33.9,62.99,789,519.0,311.0,388.0,1011.13,22.38,-20.6
2026-04-09 22:24:16,34.21,66.36,798,518.0,325.0,406.0,1011.4,20.33,-16.8
2026-04-09 22:55:40,34.38,68.51,799,512.0,322.0,416.0,1011.24,19.4,-30.7
2026-04-09 23:26:37,34.36,70.58,868,512.0,356.0,417.0,1010.97,19.9,-37.2
2026-04-09 23:57:42,34.22,71.26,877,508.0,384.0,423.0,1010.59,21.31,-39.1
2026-04-10 00:28:30,34.1,71.66,873,498.0,384.0,411.0,1010.47,22.26,-39.2
2026-04-10 00:59:28,34.06,71.81,869,497.0,370.0,410.0,1010.19,23.12,-38.6
2026-04-10 01:30:23,34.04,71.63,871,493.0,365.0,413.0,1009.93,23.0,-39.4
2026-04-10 02:01:24,33.99,71.08,869,486.0,352.0,409.0,1009.78,22.48,-39.3
2026-04-10 02:32:22,33.95,70.86,872,484.0,354.0,411.0,1009.44,23.36,-39.2
2026-04-10 03:03:12,33.9,70.88,874,484.0,348.0,424.0,1009.25,23.12,-39.3
2026-04-10 03:34:22,33.8,71.16,874,484.0,348.0,406.0,1009.4,24.39,-38.8
2026-04-10 04:05:16,33.72,71.43,874,482.0,305.0,423.0,1009.45,25.22,-39.3
2026-04-10 04:36:07,33.7,71.39,875,486.0,307.0,427.0,1009.7,26.03,-39.1
2026-04-10 05:06:57,33.63,71.46,874,484.0,308.0,427.0,1009.86,25.52,-39.2
2026-04-10 05:37:55,33.56,71.94,874,482.0,308.0,428.0,1010.01,26.43,-39.2
2026-04-10 06:08:51,33.48,72.43,868,485.0,311.0,434.0,1010.18,26.33,-38.6
2026-04-10 06:39:40,33.52,72.77,824,462.0,307.0,431.0,1010.68,22.28,-37.2
2026-04-10 07:10:40,33.51,73.07,834,479.0,296.0,419.0,1011.32,23.02,-37.1
2026-04-10 07:41:28,33.63,72.96,771,482.0,275.0,437.0,1011.84,23.25,-35.8
2026-04-10 08:55:54,33.58,69.28,759,480.0,254.0,424.0,1012.72,26.08,-37.9
2026-04-10 09:34:42,33.58,69.06,740,475.0,259.0,421.0,1012.81,28.41,-31.0
2026-04-10 10:05:41,33.68,67.9,759,501.0,268.0,422.0,1012.81,27.88,-30.5
2026-04-10 10:36:33,33.83,71.25,685,484.0,266.0,421.0,1012.57,24.87,-29.6
2026-04-10 11:07:50,33.99,71.08,693,486.0,265.0,422.0,1012.2,22.65,-23.3
2026-04-10 11:38:48,34.03,70.84,709,496.0,267.0,419.0,1011.92,21.31,-29.4
2026-04-10 12:09:39,34.12,70.56,724,491.0,260.0,393.0,1011.42,22.55,-21.7
2026-04-10 12:40:30,34.17,70.2,732,496.0,261.0,394.0,1010.95,24.52,-23.8
2026-04-10 13:11:24,34.41,70.05,744,493.0,257.0,392.0,1010.41,25.34,-37.8
2026-04-10 13:42:16,34.47,69.52,754,493.0,257.0,396.0,1009.98,25.95,-36.6
2026-04-10 14:14:14,34.51,69.23,763,505.0,253.0,397.0,1009.41,25.63,-39.0
2026-04-10 16:41:00,34.85,69.54,753,473.0,225.0,352.0,1008.73,4.34,-31.2
2026-04-10 16:53:04,32.34,62.91,764,415.0,224.0,359.0,1008.7,8.63,-28.6
2026-04-10 17:08:58,34.17,63.04,766,416.0,225.0,366.0,1008.85,20.78,-27.6
2026-04-10 17:10:24,34.03,64.23,767,426.0,225.0,361.0,1008.91,22.19,-27.8
2026-04-10 17:39:56,31.53,47.95,781,438.0,234.0,361.0,1009.1,37.9,-33.3
2026-04-10 18:10:47,34.15,64.03,869,460.0,224.0,368.0,1009.5,24.1,-37.3
2026-04-10 18:41:45,34.3,68.62,876,460.0,231.0,373.0,1010.0,23.65,-36.1
2026-04-10 19:12:41,33.24,66.27,796,465.0,229.0,374.0,1010.47,25.94,-23.3
2026-04-10 19:43:47,34.05,67.56,798,474.0,234.0,385.0,1010.81,8.08,-23.9
2026-04-10 20:14:47,34.4,69.55,800,482.0,232.0,392.0,1011.25,20.88,-24.9
2026-04-10 20:45:43,34.23,63.58,800,489.0,231.0,398.0,1011.82,22.85,-20.3
2026-04-10 21:17:16,0.0,0.0,804,503.0,233.0,396.0,0.0,0.0,-25.2
2026-04-10 21:48:07,0.0,0.0,804,505.0,233.0,396.0,0.0,0.0,-19.8
2026-04-10 22:19:01,33.76,70.08,804,505.0,229.0,394.0,1012.72,4.8,-25.6
2026-04-10 22:50:36,0.0,0.0,796,487.0,226.0,396.0,0.0,0.0,-23.6
2026-04-10 23:22:14,34.12,70.76,794,502.0,225.0,397.0,1012.53,5.62,-24.6
2026-04-10 23:53:12,34.51,69.57,867,496.0,228.0,397.0,1012.35,22.05,-39.3
2026-04-11 00:24:16,34.53,69.2,869,491.0,231.0,397.0,1011.97,24.31,-39.3
2026-04-11 00:55:09,34.48,69.16,869,489.0,233.0,397.0,1011.65,25.71,-38.7
2026-04-11 01:26:15,34.4,69.09,854,480.0,241.0,406.0,1011.2,26.96,-39.3
2026-04-11 01:57:04,34.37,69.05,863,487.0,236.0,403.0,1010.8,27.82,-39.3
2026-04-11 02:27:57,34.32,69.04,868,493.0,242.0,407.0,1010.58,28.76,-39.4
2026-04-11 02:58:50,34.25,69.14,868,493.0,238.0,403.0,1010.29,28.78,-39.3
2026-04-11 03:29:42,34.21,69.24,869,492.0,243.0,408.0,1010.07,29.08,-39.3
2026-04-11 04:00:37,34.13,69.28,867,488.0,241.0,407.0,1010.04,28.74,-39.2
2026-04-11 04:31:45,34.1,69.16,867,488.0,235.0,401.0,1010.13,28.74,-39.3
2026-04-11 05:02:41,34.07,69.11,866,488.0,233.0,400.0,1010.64,28.66,-39.1
2026-04-11 05:33:36,34.02,69.13,862,482.0,234.0,401.0,1010.87,29.18,-38.5
2026-04-11 06:04:28,33.97,69.29,858,484.0,236.0,403.0,1011.13,29.83,-39.1
2026-04-11 06:35:22,33.86,70.22,842,489.0,236.0,406.0,1011.53,27.99,-38.0
2026-04-11 07:06:19,33.82,70.74,805,494.0,242.0,413.0,1011.84,27.36,-35.0
2026-04-11 07:37:13,33.69,70.53,757,495.0,245.0,412.0,1012.27,28.12,-38.1
2026-04-11 08:08:11,33.66,70.81,773,497.0,222.0,404.0,1012.69,17.22,-36.7
2026-04-11 08:39:08,33.68,70.82,684,493.0,222.0,410.0,1012.94,8.27,-35.5
2026-04-11 09:09:58,33.69,70.09,678,486.0,245.0,421.0,1012.78,7.78,-36.0
2026-04-11 09:40:50,33.75,69.3,673,484.0,240.0,420.0,1012.58,29.79,-38.2
2026-04-11 10:11:45,33.91,68.68,673,482.0,229.0,423.0,1012.45,32.25,-38.8
2026-04-11 10:42:27,0.0,0.0,690,463.0,238.0,441.0,0.0,0.0,-29.3
2026-04-11 11:13:23,34.55,100.0,725,462.0,254.0,453.0,652.01,0.0,-36.2
2026-04-11 12:01:06,34.08,67.3,716,453.0,246.0,465.0,1010.92,5.74,-38.5
2026-04-11 12:31:47,0.0,0.0,729,471.0,236.0,473.0,0.0,0.0,-30.8
2026-04-11 13:02:40,34.16,68.19,725,472.0,233.0,446.0,1009.54,6.35,-30.6
2026-04-11 13:33:33,34.15,68.71,736,470.0,255.0,447.0,1008.9,21.01,-9.1
2026-04-11 14:04:39,34.28,67.25,751,479.0,252.0,455.0,1008.4,10.84,-29.6
2026-04-11 14:35:50,34.5,67.31,770,481.0,249.0,459.0,1007.96,21.33,-29.6
2026-04-11 15:06:52,34.66,67.46,793,493.0,243.0,415.0,1007.76,7.39,-28.3
2026-04-11 15:38:01,34.81,66.29,816,486.0,236.0,426.0,1007.46,6.31,-29.4
2026-04-11 16:09:04,34.8,63.31,818,475.0,239.0,421.0,1007.48,22.82,-37.4
2026-04-11 18:31:47,34.38,68.57,783,494.0,232.0,430.0,1008.68,22.77,0.0
2026-04-11 19:03:34,34.6,67.91,863,491.0,238.0,444.0,1009.2,23.99,-36.2
2026-04-11 19:34:26,34.64,67.52,863,490.0,241.0,441.0,1009.63,23.75,-36.9
2026-04-11 20:05:16,34.57,67.07,863,490.0,238.0,440.0,1010.04,23.12,-37.7
2026-04-11 20:36:11,34.62,66.06,787,494.0,242.0,445.0,1010.44,20.49,-37.1
2026-04-11 21:07:07,34.54,67.14,787,493.0,237.0,445.0,1010.71,19.53,0.0
2026-04-11 21:38:04,31.6,53.87,790,507.0,236.0,445.0,1010.86,15.11,-25.3
2026-04-11 22:09:09,33.96,64.9,869,511.0,236.0,452.0,1010.91,17.87,-38.8
2026-04-11 22:41:04,34.11,66.96,873,508.0,244.0,455.0,1010.92,17.89,-39.2
2026-04-11 23:11:57,34.22,67.45,873,512.0,244.0,456.0,1010.87,19.17,-38.3
2026-04-11 23:42:50,34.19,67.64,869,507.0,245.0,456.0,1010.49,19.79,-37.7
2026-04-12 00:13:42,34.24,67.75,875,510.0,243.0,456.0,1010.12,20.9,-38.8
2026-04-12 00:44:34,34.24,67.83,873,508.0,242.0,457.0,1009.78,21.64,-39.1
2026-04-12 01:15:28,34.18,67.87,875,509.0,242.0,458.0,1009.53,22.17,-38.9
2026-04-12 01:46:20,34.19,67.78,873,507.0,239.0,458.0,1009.01,24.19,0.0
2026-04-12 02:17:17,34.15,67.8,874,508.0,244.0,459.0,1008.73,26.98,-39.3
2026-04-12 02:48:09,34.1,67.88,870,503.0,239.0,459.0,1008.47,30.46,-39.3
2026-04-12 03:19:02,34.07,67.7,870,500.0,235.0,460.0,1008.39,31.71,0.0
2026-04-12 03:49:58,34.06,67.59,870,500.0,240.0,461.0,1008.29,31.68,-9.0
2026-04-12 04:20:54,34.03,67.89,870,501.0,232.0,462.0,1008.28,34.4,-39.2
2026-04-12 04:51:49,33.92,68.18,870,499.0,236.0,464.0,1008.47,36.35,0.0
2026-04-12 05:22:41,33.95,68.15,870,499.0,234.0,475.0,1008.68,40.08,0.0
2026-04-12 05:53:34,33.87,68.36,868,498.0,232.0,474.0,1008.93,38.85,-37.3
2026-04-12 06:24:22,33.82,68.44,849,494.0,232.0,474.0,1009.24,35.42,0.0
2026-04-12 06:55:15,33.69,68.48,815,488.0,231.0,472.0,1009.77,34.06,0.0
2026-04-12 07:23:20,33.7,69.63,777,504.0,227.0,473.0,1010.18,29.76,0.0
2026-04-12 07:26:09,33.67,69.6,773,506.0,225.0,473.0,1010.22,31.3,0.0
2026-04-12 07:57:09,33.76,69.54,719,505.0,224.0,474.0,1010.72,7.91,0.0
2026-04-12 08:28:13,33.83,69.49,689,502.0,225.0,474.0,1010.98,31.07,0.0
2026-04-12 08:59:14,33.72,68.0,688,515.0,221.0,479.0,1011.12,41.72,0.0
2026-04-12 09:30:20,33.81,66.48,682,519.0,215.0,482.0,1011.05,55.95,0.0
2026-04-12 10:01:24,34.0,63.9,676,522.0,205.0,481.0,1010.89,48.11,-26.1
2026-04-12 10:32:25,34.14,62.64,680,523.0,176.0,484.0,1010.67,40.08,-29.7
2026-04-12 11:03:21,34.05,66.43,690,522.0,149.0,488.0,1010.27,33.92,-9.1
2026-04-12 11:35:00,34.0,66.35,704,522.0,173.0,467.0,1009.82,34.09,0.0
2026-04-12 12:07:48,34.14,66.53,689,522.0,126.0,463.0,1009.46,31.59,-30.6
2026-04-12 12:42:59,34.29,65.88,708,524.0,185.0,477.0,1008.68,30.66,-26.3
2026-04-12 13:14:27,34.48,65.87,705,515.0,187.0,484.0,1007.98,29.33,-30.0
2026-04-12 13:45:26,34.34,65.63,719,519.0,195.0,483.0,1007.55,29.57,-21.0
2026-04-12 14:16:18,34.55,100.0,725,527.0,190.0,481.0,652.01,0.0,-24.5
2026-04-12 14:47:23,34.55,100.0,773,532.0,181.0,472.0,652.01,0.0,-38.1
2026-04-12 15:18:16,34.55,100.0,788,524.0,181.0,476.0,652.01,0.0,-37.9
2026-04-12 15:49:08,34.55,100.0,799,526.0,186.0,476.0,652.01,0.0,-34.7
2026-04-12 16:20:01,34.55,100.0,804,525.0,179.0,476.0,652.01,0.0,-38.3
2026-04-12 16:50:52,34.55,100.0,810,524.0,159.0,476.0,652.01,0.0,-9.1
2026-04-12 17:21:43,34.55,100.0,817,524.0,168.0,478.0,652.01,0.0,-38.2
2026-04-12 17:52:37,34.55,100.0,779,537.0,180.0,361.0,652.01,0.0,-30.6
2026-04-12 18:23:44,34.55,100.0,791,538.0,197.0,366.0,652.01,0.0,-26.7
2026-04-12 18:54:57,34.55,100.0,793,535.0,207.0,380.0,652.01,0.0,0.0
2026-04-12 19:26:20,34.55,100.0,787,538.0,223.0,370.0,652.01,0.0,-28.0
2026-04-12 19:58:07,34.27,65.83,787,546.0,226.0,378.0,1008.97,3.68,-29.9
2026-04-12 20:29:01,34.45,65.86,787,547.0,228.0,376.0,1009.53,23.18,-30.3
2026-04-12 20:59:55,31.02,52.65,793,526.0,234.0,385.0,1009.92,40.47,-12.3
2026-04-12 21:31:25,32.03,56.34,787,543.0,236.0,380.0,1010.37,36.89,-32.8
2026-04-12 21:32:50,31.94,56.62,787,542.0,237.0,380.0,1010.37,40.66,-34.9
2026-04-12 22:02:19,0.0,0.0,841,517.0,244.0,398.0,0.0,0.0,-37.9
2026-04-12 22:33:09,0.0,0.0,841,493.0,242.0,403.0,0.0,0.0,-38.8
2026-04-12 23:04:02,0.0,0.0,840,523.0,248.0,399.0,0.0,0.0,-38.4
2026-04-12 23:34:57,33.66,65.46,840,521.0,240.0,397.0,1010.23,3.56,-39.2
2026-04-13 00:05:45,34.55,100.0,839,523.0,239.0,390.0,652.01,0.0,-38.6
2026-04-13 00:36:42,34.55,100.0,839,526.0,239.0,395.0,652.01,0.0,-39.0
2026-04-13 01:07:32,34.55,100.0,839,523.0,239.0,401.0,652.01,0.0,-39.1
2026-04-13 01:38:24,34.55,100.0,840,524.0,236.0,408.0,652.01,0.0,-39.1
2026-04-13 02:09:17,34.55,100.0,840,524.0,235.0,403.0,652.01,0.0,-39.1
2026-04-13 02:40:08,34.55,100.0,840,523.0,233.0,399.0,652.01,0.0,-38.6
2026-04-13 03:10:59,34.55,100.0,840,523.0,240.0,402.0,652.01,0.0,-39.2
2026-04-13 03:41:52,34.55,100.0,840,523.0,223.0,409.0,652.01,0.0,-39.2
2026-04-13 04:12:42,34.55,100.0,840,523.0,243.0,408.0,652.01,0.0,-39.1
2026-04-13 04:43:39,34.55,100.0,839,523.0,228.0,408.0,652.01,0.0,-38.7
2026-04-13 05:14:32,34.55,100.0,839,522.0,227.0,407.0,652.01,0.0,-39.0
2026-04-13 05:45:23,34.55,100.0,839,522.0,221.0,406.0,652.01,0.0,-38.9
2026-04-13 06:16:15,34.55,100.0,831,522.0,226.0,407.0,652.01,0.0,-38.4
2026-04-13 06:47:01,34.55,100.0,814,525.0,227.0,408.0,652.01,0.0,-38.8
2026-04-13 07:18:00,34.55,100.0,784,524.0,209.0,407.0,652.01,0.0,-36.9
2026-04-13 07:48:50,34.55,100.0,722,515.0,222.0,388.0,652.01,0.0,-29.3
2026-04-13 08:19:49,34.55,100.0,715,524.0,219.0,398.0,652.01,0.0,-34.7
2026-04-13 08:50:49,34.55,100.0,673,521.0,205.0,395.0,652.01,0.0,-29.7
2026-04-13 09:04:59,34.55,100.0,707,510.0,227.0,388.0,652.01,0.0,-28.6
2026-04-13 09:10:19,33.78,67.34,680,282.0,198.0,387.0,1012.13,3.32,-26.3
2026-04-13 09:21:49,33.71,67.7,696,288.0,191.0,387.0,1012.19,17.22,-30.2
2026-04-13 09:52:49,33.1,68.4,751,545.0,196.0,401.0,1012.27,3.07,-27.6
2026-04-13 10:23:42,33.72,66.87,699,544.0,146.0,399.0,1011.91,33.2,-30.2
2026-04-13 10:54:35,34.55,100.0,707,544.0,143.0,401.0,652.01,0.0,-29.7
2026-04-13 11:26:40,33.81,67.5,716,548.0,189.0,399.0,1011.24,6.22,-21.7
2026-04-13 11:57:34,33.85,67.91,710,551.0,193.0,399.0,1010.58,23.77,-30.4
2026-04-13 12:28:34,33.89,68.58,714,552.0,145.0,399.0,1010.02,11.77,-30.2
2026-04-13 12:59:26,34.55,100.0,753,550.0,139.0,400.0,652.01,0.0,-29.9
2026-04-13 13:30:32,34.55,100.0,754,547.0,131.0,401.0,652.01,0.0,-37.5
2026-04-13 14:02:05,34.55,100.0,771,545.0,130.0,401.0,652.01,0.0,-30.4
2026-04-13 14:33:55,34.55,100.0,778,538.0,134.0,403.0,652.01,0.0,-15.3
2026-04-13 15:04:46,34.55,100.0,793,540.0,132.0,403.0,652.01,0.0,-20.1
2026-04-13 15:35:50,34.55,100.0,801,521.0,198.0,408.0,652.01,0.0,-29.3
2026-04-13 16:06:39,34.55,100.0,806,537.0,195.0,408.0,652.01,0.0,-21.6
2026-04-13 16:37:29,34.55,100.0,766,552.0,194.0,409.0,652.01,0.0,-29.6
2026-04-13 17:08:37,34.34,66.0,793,553.0,194.0,377.0,1007.95,3.91,-30.0
2026-04-13 17:39:43,34.55,100.0,796,552.0,193.0,409.0,652.01,0.0,-24.4
2026-04-13 18:11:24,34.55,100.0,826,529.0,192.0,421.0,652.01,0.0,-38.1
2026-04-13 18:43:17,34.55,100.0,832,559.0,191.0,385.0,652.01,0.0,-36.6
2026-04-13 19:14:29,34.55,100.0,836,558.0,190.0,386.0,652.01,0.0,-37.9
2026-04-13 19:45:16,34.55,100.0,805,536.0,192.0,393.0,652.01,0.0,-17.7
2026-04-13 20:16:00,34.55,100.0,806,545.0,199.0,396.0,652.01,0.0,-30.2
2026-04-13 20:48:05,34.55,100.0,826,541.0,203.0,399.0,652.01,0.0,-29.3
2026-04-13 21:20:41,34.55,100.0,814,557.0,210.0,399.0,652.01,0.0,-30.5
2026-04-13 21:51:33,34.55,100.0,799,552.0,210.0,400.0,652.01,0.0,-30.5
2026-04-13 22:53:20,34.55,100.0,822,566.0,202.0,403.0,652.01,0.0,-9.0
2026-04-13 23:24:37,34.55,100.0,823,558.0,186.0,408.0,652.01,0.0,-39.4
2026-04-13 23:55:39,34.55,100.0,825,558.0,185.0,407.0,652.01,0.0,-39.0
2026-04-14 00:28:47,34.55,100.0,825,556.0,189.0,404.0,652.01,0.0,-39.2
2026-04-14 00:59:40,34.55,100.0,825,556.0,175.0,404.0,652.01,0.0,-39.0
2026-04-14 01:30:37,34.55,100.0,828,557.0,174.0,406.0,652.01,0.0,-39.3
2026-04-14 02:01:30,34.55,100.0,824,557.0,172.0,407.0,652.01,0.0,-39.3
2026-04-14 02:32:21,34.55,100.0,822,555.0,176.0,410.0,652.01,0.0,-39.4
2026-04-14 03:03:17,34.55,100.0,825,556.0,181.0,403.0,652.01,0.0,-39.2
2026-04-14 03:34:28,34.55,100.0,826,555.0,176.0,402.0,652.01,0.0,-39.3
2026-04-14 04:05:16,34.55,100.0,824,554.0,186.0,402.0,652.01,0.0,-39.4
2026-04-14 04:36:18,34.55,100.0,826,555.0,201.0,402.0,652.01,0.0,-39.4
2026-04-14 05:07:13,34.55,100.0,825,556.0,238.0,402.0,652.01,0.0,-39.4
2026-04-14 05:38:17,34.55,100.0,826,559.0,237.0,405.0,652.01,0.0,-39.2
2026-04-14 06:09:12,34.55,100.0,823,555.0,244.0,405.0,652.01,0.0,-39.2
2026-04-14 06:40:27,34.55,100.0,813,553.0,244.0,407.0,652.01,0.0,-39.3
2026-04-14 07:11:14,34.55,100.0,798,553.0,244.0,402.0,652.01,0.0,-37.7
2026-04-14 07:42:44,34.55,100.0,767,556.0,252.0,404.0,652.01,0.0,0.0
2026-04-14 08:13:47,34.55,100.0,766,558.0,254.0,410.0,652.01,0.0,-30.2
2026-04-14 08:44:39,34.55,100.0,797,560.0,260.0,411.0,652.01,0.0,-29.8
2026-04-14 09:15:43,34.55,100.0,798,561.0,263.0,413.0,652.01,0.0,-26.3
2026-04-14 09:46:36,34.55,100.0,755,566.0,261.0,414.0,652.01,0.0,-30.1
2026-04-14 10:17:30,34.55,100.0,762,566.0,269.0,423.0,652.01,0.0,-30.3
2026-04-14 10:48:21,34.55,100.0,769,551.0,269.0,445.0,652.01,0.0,-30.1
2026-04-14 11:19:09,34.55,100.0,773,548.0,266.0,463.0,652.01,0.0,-20.8
2026-04-14 11:49:57,34.55,100.0,778,548.0,274.0,446.0,652.01,0.0,-21.4
2026-04-14 12:20:45,34.55,100.0,778,548.0,275.0,443.0,652.01,0.0,-30.3
2026-04-14 12:51:33,34.55,100.0,781,549.0,274.0,453.0,652.01,0.0,-23.7
2026-04-14 13:22:23,34.55,100.0,782,536.0,273.0,460.0,652.01,0.0,-36.2
2026-04-14 13:53:10,34.55,100.0,787,536.0,274.0,457.0,652.01,0.0,-37.1
2026-04-14 14:23:57,34.55,100.0,793,531.0,271.0,458.0,652.01,0.0,-39.0
2026-04-14 14:54:51,34.55,100.0,793,542.0,265.0,453.0,652.01,0.0,-23.4
2026-04-14 15:25:48,34.55,100.0,800,543.0,260.0,449.0,652.01,0.0,-30.3
2026-04-14 15:56:41,34.55,100.0,801,539.0,274.0,451.0,652.01,0.0,-18.3
2026-04-14 16:27:28,34.55,100.0,804,535.0,260.0,452.0,652.01,0.0,-29.7
2026-04-14 16:58:18,34.55,100.0,805,534.0,260.0,455.0,652.01,0.0,-30.7
2026-04-14 17:29:21,34.55,100.0,811,528.0,259.0,397.0,652.01,0.0,-30.0
2026-04-14 18:00:10,34.55,100.0,820,518.0,260.0,402.0,652.01,0.0,-36.9
2026-04-14 18:30:56,34.55,100.0,822,512.0,259.0,403.0,652.01,0.0,-36.8
2026-04-14 19:01:49,34.55,100.0,801,509.0,256.0,405.0,652.01,0.0,-25.1
2026-04-14 19:32:39,34.55,100.0,820,522.0,251.0,408.0,652.01,0.0,0.0
2026-04-14 20:03:24,34.55,100.0,817,512.0,245.0,409.0,652.01,0.0,-37.4
2026-04-14 20:34:21,34.55,100.0,815,506.0,256.0,410.0,652.01,0.0,-36.7
2026-04-14 21:05:09,34.55,100.0,815,501.0,256.0,412.0,652.01,0.0,-38.1
2026-04-14 21:35:57,34.55,100.0,799,497.0,273.0,414.0,652.01,0.0,-23.6
2026-04-14 22:06:45,34.55,100.0,783,529.0,268.0,420.0,652.01,0.0,-22.2
2026-04-14 22:37:36,34.55,100.0,790,530.0,258.0,422.0,652.01,0.0,-30.9
2026-04-14 23:08:28,34.55,100.0,801,523.0,254.0,423.0,652.01,0.0,-39.4
2026-04-14 23:39:14,34.55,100.0,802,515.0,262.0,423.0,652.01,0.0,-39.3
2026-04-15 00:10:04,34.55,100.0,797,515.0,252.0,424.0,652.01,0.0,-39.4
2026-04-15 00:40:53,34.55,100.0,799,506.0,259.0,426.0,652.01,0.0,-39.2
2026-04-15 01:11:47,34.55,100.0,800,508.0,263.0,427.0,652.01,0.0,-39.3
2026-04-15 01:42:35,34.55,100.0,800,506.0,258.0,428.0,652.01,0.0,-39.2
2026-04-15 02:13:25,34.55,100.0,797,499.0,262.0,429.0,652.01,0.0,-39.4
2026-04-15 02:44:13,34.55,100.0,798,501.0,261.0,430.0,652.01,0.0,-39.4
2026-04-15 03:15:16,34.55,100.0,799,501.0,259.0,429.0,652.01,0.0,-39.3
2026-04-15 03:46:08,34.55,100.0,800,500.0,254.0,432.0,652.01,0.0,-39.4
2026-04-15 04:16:58,34.55,100.0,799,499.0,254.0,434.0,652.01,0.0,-39.4
2026-04-15 04:47:48,34.55,100.0,799,499.0,255.0,428.0,652.01,0.0,-37.2
2026-04-15 05:25:53,34.55,100.0,797,497.0,255.0,429.0,652.01,0.0,-39.3
2026-04-15 05:56:42,34.55,100.0,800,496.0,257.0,431.0,652.01,0.0,-39.2
2026-04-15 06:27:40,34.55,100.0,792,497.0,255.0,432.0,652.01,0.0,-39.2
2026-04-15 06:58:40,34.55,100.0,786,494.0,259.0,432.0,652.01,0.0,-36.9
2026-04-15 07:29:35,34.55,100.0,774,500.0,255.0,434.0,652.01,0.0,-36.4
2026-04-15 08:00:37,34.55,100.0,740,500.0,254.0,429.0,652.01,0.0,-30.0
2026-04-15 08:32:16,34.55,100.0,749,503.0,255.0,427.0,652.01,0.0,-29.6
2026-04-15 09:03:14,34.55,100.0,759,507.0,253.0,429.0,652.01,0.0,-29.8
2026-04-15 09:34:11,34.55,100.0,755,511.0,256.0,434.0,652.01,0.0,-28.1
2026-04-15 10:05:07,34.55,100.0,728,514.0,255.0,435.0,652.01,0.0,-30.0
2026-04-15 10:35:58,34.55,100.0,731,519.0,248.0,440.0,652.01,0.0,-30.3
2026-04-15 11:06:55,34.55,100.0,736,523.0,249.0,447.0,652.01,0.0,-38.8
2026-04-15 13:10:48,34.55,100.0,749,412.0,251.0,359.0,652.01,0.0,-36.4
2026-04-15 13:41:37,34.55,100.0,747,420.0,250.0,365.0,652.01,0.0,-37.7
2026-04-15 14:12:25,34.55,100.0,754,441.0,252.0,363.0,652.01,0.0,-37.4
2026-04-15 14:43:13,34.55,100.0,788,431.0,252.0,366.0,652.01,0.0,-24.1
2026-04-15 15:14:04,34.55,100.0,809,429.0,255.0,385.0,652.01,0.0,-31.0
2026-04-15 15:44:56,34.55,100.0,826,427.0,256.0,409.0,652.01,0.0,-31.0
2026-04-15 16:15:48,34.55,100.0,816,429.0,250.0,419.0,652.01,0.0,-30.6
2026-04-15 16:46:33,34.55,100.0,809,423.0,248.0,405.0,652.01,0.0,-30.5
2026-04-15 17:17:20,34.55,100.0,812,425.0,249.0,403.0,652.01,0.0,-23.1
2026-04-15 17:48:07,34.55,100.0,851,424.0,244.0,402.0,652.01,0.0,-38.9
2026-04-15 18:18:57,34.55,100.0,856,424.0,246.0,402.0,652.01,0.0,-37.0
2026-04-15 18:49:42,34.55,100.0,857,424.0,251.0,402.0,652.01,0.0,-36.1
2026-04-15 19:20:30,34.55,100.0,826,427.0,249.0,392.0,652.01,0.0,-22.6
2026-04-15 19:51:40,34.55,100.0,819,416.0,236.0,394.0,652.01,0.0,-24.4
2026-04-15 20:22:25,34.55,100.0,809,412.0,237.0,399.0,652.01,0.0,-26.3
2026-04-15 20:53:13,34.55,100.0,794,422.0,247.0,399.0,652.01,0.0,-23.9
2026-04-15 21:24:00,34.55,100.0,807,429.0,247.0,400.0,652.01,0.0,-31.0
2026-04-15 21:54:48,34.55,100.0,818,429.0,247.0,402.0,652.01,0.0,-27.4
2026-04-15 22:25:33,34.55,100.0,818,434.0,242.0,407.0,652.01,0.0,-30.7
2026-04-15 23:00:15,34.55,100.0,851,430.0,248.0,407.0,652.01,0.0,-38.6
2026-04-15 23:31:35,34.55,100.0,851,424.0,249.0,406.0,652.01,0.0,-39.2
2026-04-16 00:02:28,34.55,100.0,852,428.0,244.0,405.0,652.01,0.0,-39.2
2026-04-16 00:33:43,34.55,100.0,830,428.0,174.0,404.0,652.01,0.0,-37.2
2026-04-16 01:04:32,34.55,100.0,837,430.0,190.0,405.0,652.01,0.0,-39.2
2026-04-16 01:35:34,34.55,100.0,837,429.0,188.0,406.0,652.01,0.0,-39.3
2026-04-16 02:06:24,34.55,100.0,838,430.0,187.0,406.0,652.01,0.0,-39.3
2026-04-16 02:37:19,34.55,100.0,843,429.0,195.0,406.0,652.01,0.0,-39.3
2026-04-16 03:08:10,34.55,100.0,843,428.0,184.0,406.0,652.01,0.0,-39.4
2026-04-16 03:39:06,34.55,100.0,842,430.0,182.0,407.0,652.01,0.0,-39.2
2026-04-16 04:10:06,34.55,100.0,854,430.0,187.0,407.0,652.01,0.0,-39.4
2026-04-16 04:40:54,34.55,100.0,853,434.0,176.0,407.0,652.01,0.0,-39.4
2026-04-16 05:11:45,34.55,100.0,843,430.0,169.0,407.0,652.01,0.0,-38.5
2026-04-16 05:42:32,34.55,100.0,842,429.0,167.0,408.0,652.01,0.0,-39.1
2026-04-16 06:13:24,34.55,100.0,837,430.0,179.0,408.0,652.01,0.0,-39.3
2026-04-16 06:44:14,34.55,100.0,817,430.0,164.0,409.0,652.01,0.0,-37.0
2026-04-16 07:15:19,34.55,100.0,769,434.0,165.0,411.0,652.01,0.0,-30.3
2026-04-16 07:46:07,34.55,100.0,760,437.0,165.0,412.0,652.01,0.0,-29.4
2026-04-16 08:17:03,34.55,100.0,767,439.0,165.0,413.0,652.01,0.0,-29.4
2026-04-16 08:48:15,34.55,100.0,722,441.0,163.0,415.0,652.01,0.0,-30.4
2026-04-16 09:19:10,34.55,100.0,707,442.0,157.0,416.0,652.01,0.0,-30.2
2026-04-16 09:50:01,34.55,100.0,701,441.0,165.0,414.0,652.01,0.0,-30.3
2026-04-16 10:20:52,34.55,100.0,736,442.0,174.0,416.0,652.01,0.0,-28.5
2026-04-16 10:51:43,34.55,100.0,708,444.0,168.0,415.0,652.01,0.0,-30.8
2026-04-16 11:22:36,34.55,100.0,716,446.0,168.0,416.0,652.01,0.0,-31.0
2026-04-16 11:53:26,34.55,100.0,717,447.0,176.0,418.0,652.01,0.0,-20.8
2026-04-16 12:24:16,34.55,100.0,728,448.0,167.0,419.0,652.01,0.0,-24.7
2026-04-16 12:44:46,0.0,0.0,733,449.0,170.0,420.0,0.0,0.0,-30.7
2026-04-16 12:47:01,0.0,0.0,733,448.0,173.0,420.0,0.0,0.0,-30.3
2026-04-16 12:54:50,0.0,0.0,732,448.0,167.0,421.0,0.0,0.0,-27.2
2026-04-16 14:56:50,34.67,69.41,770,453.0,169.0,447.0,1006.24,5.92,-29.1
2026-04-16 14:57:13,34.7,69.24,769,453.0,167.0,449.0,1006.2,7.27,-30.2
2026-04-16 15:28:03,34.74,68.78,783,456.0,160.0,448.0,1005.95,33.92,-21.9
2026-04-16 19:27:03,31.17,56.06,816,452.0,175.0,407.0,1007.29,16.45,-29.6
2026-04-16 20:43:55,0.0,0.0,809,459,157,409,0.0,0.0,-30.1
2026-04-16 21:05:39,0.0,0.0,809,467,166,506,0.0,0.0,-38.0
2026-04-16 21:36:12,32.34,62.66,809,456,157,410,1008.92,2.5,-28.0
2026-04-16 22:06:55,33.57,50.92,806,465,154,413,1009.06,5.36,-27.8
2026-04-16 22:37:29,34.43,63.52,835,470,147,403,1009.12,31.95,-33.2
2026-04-16 23:08:03,34.47,68.24,831,464,144,402,1009.14,31.78,-39.4
2026-04-16 23:38:33,34.46,69.31,833,461,145,401,1008.93,32.05,-39.4
2026-04-17 00:09:06,34.45,69.8,843,456,147,401,1008.69,33.9,-39.5
2026-04-17 00:39:36,34.44,70.1,835,455,176,401,1008.32,33.12,-39.5
2026-04-17 01:10:08,34.38,70.22,834,455,188,401,1007.99,32.45,-39.4
2026-04-17 01:40:42,34.4,69.92,831,454,190,400,1007.74,33.38,-39.5
2026-04-17 02:11:18,34.32,69.96,833,455,199,400,1007.63,31.47,-39.4
2026-04-17 02:41:53,34.3,70.33,832,454,189,401,1007.57,31.47,-39.4
2026-04-17 03:12:23,34.24,70.77,840,454,202,401,1007.46,31.8,-39.4
2026-04-17 03:42:54,34.21,71.02,834,447,203,401,1007.61,32.93,-39.4
2026-04-17 04:13:27,34.19,71.1,844,446,201,402,1007.83,36.86,-36.9
2026-04-17 04:43:58,34.13,70.83,858,445,202,403,1008.15,36.44,-39.4
2026-04-17 05:14:29,34.08,70.58,859,415,204,402,1008.24,37.39,-38.7
2026-04-17 05:45:01,34.0,70.77,855,409,206,402,1008.53,37.35,-38.3
2026-04-17 06:15:34,34.0,70.82,843,405,205,402,1008.61,35.97,-39.2
2026-04-17 06:46:07,34.01,71.31,835,402,205,402,1009.11,38.52,-39.0
2026-04-17 07:16:43,0.0,0.0,825,409,199,402,0.0,0.0,-37.1
2026-04-17 07:47:19,0.0,0.0,787,412,203,403,0.0,0.0,-29.9
2026-04-17 08:17:53,0.0,0.0,803,410,201,403,0.0,0.0,-36.5
2026-04-17 08:48:56,0.0,0.0,707,410,202,404,0.0,0.0,-26.7
2026-04-17 09:19:30,0.0,0.0,754,240,214,432,0.0,0.0,-30.7
2026-04-17 09:50:01,0.0,0.0,708,241,217,432,0.0,0.0,-30.1
2026-04-17 10:20:33,0.0,0.0,709,242,217,433,0.0,0.0,-29.7
2026-04-17 10:51:04,0.0,0.0,747,243,216,433,0.0,0.0,-28.5
2026-04-17 11:21:41,0.0,0.0,748,241,219,438,0.0,0.0,-30.3
2026-04-17 11:52:14,0.0,0.0,740,239,218,438,0.0,0.0,-30.6
2026-04-17 12:22:49,0.0,0.0,745,240,218,440,0.0,0.0,-31.1
2026-04-17 12:53:48,0.0,0.0,771,239,218,441,0.0,0.0,-37.1
2026-04-17 13:24:27,0.0,0.0,779,239,218,441,0.0,0.0,-37.2
2026-04-17 13:55:35,0.0,0.0,786,238,219,441,0.0,0.0,-38.9
2026-04-17 14:26:17,0.0,0.0,802,238,217,442,0.0,0.0,-38.9
2026-04-17 14:56:57,0.0,0.0,792,228,217,446,0.0,0.0,-24.5
2026-04-17 15:27:30,0.0,0.0,796,382,204,446,0.0,0.0,-29.5
2026-04-17 15:58:20,0.0,0.0,799,385,209,447,0.0,0.0,-30.6
2026-04-17 16:28:54,0.0,0.0,809,387,215,448,0.0,0.0,-24.3
2026-04-17 16:59:24,0.0,0.0,806,223,217,458,0.0,0.0,-26.1
2026-04-17 17:30:01,0.0,0.0,809,225,210,455,0.0,0.0,-24.3
2026-04-17 18:00:33,0.0,0.0,815,226,195,455,0.0,0.0,-26.6
2026-04-17 18:31:26,0.0,0.0,825,236,211,463,0.0,0.0,-30.8
2026-04-17 19:03:11,0.0,0.0,827,235,210,464,0.0,0.0,-31.0
2026-04-17 19:34:23,0.0,0.0,834,227,213,476,0.0,0.0,-37.3
2026-04-17 20:10:11,0.0,0.0,822,217,198,473,0.0,0.0,-28.6
2026-04-17 20:45:59,0.0,0.0,813,400,192,470,0.0,0.0,-23.8
2026-04-17 21:16:37,0.0,0.0,817,392,211,469,0.0,0.0,-33.2
2026-04-17 21:47:12,0.0,0.0,824,227,213,471,0.0,0.0,-30.3
2026-04-17 22:18:20,0.0,0.0,829,222,193,473,0.0,0.0,-31.7
2026-04-17 22:49:01,0.0,0.0,849,225,204,473,0.0,0.0,-38.9
2026-04-17 23:19:32,0.0,0.0,849,225,205,473,0.0,0.0,-38.7
2026-04-17 23:50:07,0.0,0.0,849,243,192,473,0.0,0.0,-39.3
2026-04-18 00:20:37,0.0,0.0,847,246,199,472,0.0,0.0,-38.6
2026-04-18 00:51:11,0.0,0.0,847,246,205,473,0.0,0.0,-39.3
2026-04-18 01:22:02,0.0,0.0,847,246,199,473,0.0,0.0,-39.3
2026-04-18 01:52:37,0.0,0.0,848,242,200,475,0.0,0.0,-39.3
2026-04-18 02:23:15,0.0,0.0,847,240,201,477,0.0,0.0,-39.4
2026-04-18 02:54:12,0.0,0.0,846,241,200,478,0.0,0.0,-39.4
2026-04-18 03:24:44,0.0,0.0,847,241,201,489,0.0,0.0,-38.9
2026-04-18 03:55:24,0.0,0.0,846,242,200,490,0.0,0.0,-39.2
2026-04-18 04:26:18,0.0,0.0,847,242,203,501,0.0,0.0,-39.4
2026-04-18 04:56:49,0.0,0.0,849,242,207,499,0.0,0.0,-39.5
2026-04-18 05:27:28,0.0,0.0,849,242,206,505,0.0,0.0,-39.4
2026-04-18 05:58:17,0.0,0.0,847,235,204,500,0.0,0.0,-38.7
2026-04-18 06:29:15,0.0,0.0,834,234,206,500,0.0,0.0,-39.5
2026-04-18 06:59:55,0.0,0.0,831,234,207,499,0.0,0.0,-36.9
2026-04-18 07:30:38,0.0,0.0,804,235,207,499,0.0,0.0,-38.2
2026-04-18 08:01:17,0.0,0.0,808,235,207,497,0.0,0.0,-37.5
2026-04-18 08:36:41,0.0,0.0,746,234,209,500,0.0,0.0,0.0
2026-04-18 09:08:17,0.0,0.0,739,234,209,502,0.0,0.0,-30.0
2026-04-18 09:38:55,0.0,0.0,735,234,206,502,0.0,0.0,-30.0
2026-04-18 10:09:38,0.0,0.0,771,479,206,502,0.0,0.0,-30.4
2026-04-18 10:40:14,0.0,0.0,789,474,202,503,0.0,0.0,-30.7
2026-04-18 11:11:17,0.0,0.0,768,467,205,500,0.0,0.0,-30.0
2026-04-18 11:42:12,0.0,0.0,762,473,209,506,0.0,0.0,-29.8
2026-04-18 12:12:45,0.0,0.0,764,407,200,488,0.0,0.0,-29.5
2026-04-18 12:43:44,0.0,0.0,764,439,201,490,0.0,0.0,-30.3
2026-04-18 13:14:16,0.0,0.0,793,450,202,491,0.0,0.0,-16.6
2026-04-18 13:45:07,0.0,0.0,809,444,207,500,0.0,0.0,-34.9
2026-04-18 14:16:11,0.0,0.0,779,441,192,497,0.0,0.0,-37.3
2026-04-18 14:47:12,0.0,0.0,793,440,197,493,0.0,0.0,-27.5
2026-04-18 15:18:10,0.0,0.0,823,436,200,499,0.0,0.0,-30.4
2026-04-18 15:49:48,0.0,0.0,825,446,196,404,0.0,0.0,-27.6
2026-04-18 16:20:22,0.0,0.0,778,431,196,387,0.0,0.0,-22.7
2026-04-18 16:51:01,0.0,0.0,797,429,198,421,0.0,0.0,-30.8
2026-04-18 17:21:37,0.0,0.0,803,437,202,438,0.0,0.0,-30.4
2026-04-18 17:52:10,0.0,0.0,813,442,199,457,0.0,0.0,-35.5
2026-04-18 18:23:17,0.0,0.0,818,437,201,459,0.0,0.0,-35.2
2026-04-18 18:54:15,0.0,0.0,819,435,199,456,0.0,0.0,-35.3
2026-04-18 19:25:02,0.0,0.0,816,430,203,459,0.0,0.0,-36.0
2026-04-18 19:55:39,0.0,0.0,793,434,201,470,0.0,0.0,-30.2
2026-04-18 20:26:13,0.0,0.0,819,445,196,448,0.0,0.0,-37.9
2026-04-18 20:57:23,0.0,0.0,826,436,199,445,0.0,0.0,-36.0
2026-04-18 21:28:12,0.0,0.0,799,425,203,455,0.0,0.0,-37.6
2026-04-18 21:58:46,0.0,0.0,829,423,203,457,0.0,0.0,-38.7
2026-04-18 22:29:19,0.0,0.0,832,424,203,457,0.0,0.0,-38.5
2026-04-18 23:00:03,0.0,0.0,841,425,200,457,0.0,0.0,-39.1
2026-04-18 23:30:42,0.0,0.0,846,424,199,457,0.0,0.0,-39.4
2026-04-19 00:01:26,0.0,0.0,847,423,191,459,0.0,0.0,-39.0
2026-04-19 00:32:21,0.0,0.0,848,418,171,459,0.0,0.0,-39.5
2026-04-19 01:03:08,0.0,0.0,846,421,204,460,0.0,0.0,-39.4
2026-04-19 01:33:40,0.0,0.0,845,417,194,461,0.0,0.0,-38.4
2026-04-19 02:04:12,0.0,0.0,846,419,205,461,0.0,0.0,-39.4
2026-04-19 02:34:44,0.0,0.0,830,415,203,463,0.0,0.0,-39.4
2026-04-19 03:05:35,0.0,0.0,832,410,200,464,0.0,0.0,-39.4
2026-04-19 03:36:16,0.0,0.0,830,244,204,467,0.0,0.0,-39.4
2026-04-19 04:07:10,0.0,0.0,827,245,204,468,0.0,0.0,-38.4
2026-04-19 04:37:41,0.0,0.0,830,409,198,466,0.0,0.0,-39.4
2026-04-19 05:08:20,0.0,0.0,826,247,201,461,0.0,0.0,-38.9
2026-04-19 05:39:10,0.0,0.0,833,244,202,470,0.0,0.0,-39.4
2026-04-19 06:09:40,0.0,0.0,840,242,201,470,0.0,0.0,-38.9
2026-04-19 06:40:17,0.0,0.0,802,240,200,471,0.0,0.0,-30.6
2026-04-19 07:11:17,0.0,0.0,792,240,202,473,0.0,0.0,-9.1
2026-04-19 07:42:03,0.0,0.0,773,244,199,473,0.0,0.0,-30.2
2026-04-19 08:12:49,0.0,0.0,759,244,201,478,0.0,0.0,-30.1
2026-04-19 08:43:41,0.0,0.0,745,431,197,476,0.0,0.0,-30.6
2026-04-19 09:14:28,0.0,0.0,734,441,195,473,0.0,0.0,-28.5
2026-04-19 09:45:30,0.0,0.0,734,444,194,473,0.0,0.0,-30.3
2026-04-19 10:16:13,0.0,0.0,739,447,193,400,0.0,0.0,-29.9
2026-04-19 10:47:29,0.0,0.0,754,242,201,415,0.0,0.0,-29.4
2026-04-19 11:18:40,0.0,0.0,772,514,187,407,0.0,0.0,-29.2
2026-04-19 11:49:18,0.0,0.0,777,460,192,400,0.0,0.0,-29.2
2026-04-19 12:20:16,0.0,0.0,790,457,194,404,0.0,0.0,-35.3
2026-04-19 12:51:28,0.0,0.0,789,469,190,398,0.0,0.0,-37.0
2026-04-19 13:22:12,0.0,0.0,761,465,193,402,0.0,0.0,-37.2
2026-04-19 13:53:08,0.0,0.0,755,466,197,402,0.0,0.0,-37.3
